character,scene,episode
NUTE GUNRAY,0.00546448087431694,1
NUTE GUNRAY,0.0273224043715847,1
NUTE GUNRAY,0.0327868852459016,1
NUTE GUNRAY,0.0382513661202186,1
NUTE GUNRAY,0.0491803278688525,1
NUTE GUNRAY,0.0601092896174863,1
NUTE GUNRAY,0.0710382513661202,1
NUTE GUNRAY,0.092896174863388,1
NUTE GUNRAY,0.136612021857924,1
NUTE GUNRAY,0.153005464480874,1
NUTE GUNRAY,0.174863387978142,1
NUTE GUNRAY,0.224043715846995,1
NUTE GUNRAY,0.633879781420765,1
NUTE GUNRAY,0.73224043715847,1
NUTE GUNRAY,0.792349726775956,1
NUTE GUNRAY,0.80327868852459,1
NUTE GUNRAY,0.819672131147541,1
NUTE GUNRAY,0.934426229508197,1
NUTE GUNRAY,0.978142076502732,1
NUTE GUNRAY,1.24666666666667,2
NUTE GUNRAY,1.84666666666667,2
NUTE GUNRAY,1.86,2
NUTE GUNRAY,2.46058091286307,3
NUTE GUNRAY,2.68879668049793,3
NUTE GUNRAY,2.71369294605809,3
NUTE GUNRAY,2.73858921161826,3
NUTE GUNRAY,2.7551867219917,3
NUTE GUNRAY,2.75933609958506,3
QUI-GON,0.00546448087431694,1
QUI-GON,0.0218579234972678,1
QUI-GON,0.0437158469945355,1
QUI-GON,0.0491803278688525,1
QUI-GON,0.0546448087431694,1
QUI-GON,0.0655737704918033,1
QUI-GON,0.0983606557377049,1
QUI-GON,0.103825136612022,1
QUI-GON,0.109289617486339,1
QUI-GON,0.120218579234973,1
QUI-GON,0.131147540983607,1
QUI-GON,0.14207650273224,1
QUI-GON,0.163934426229508,1
QUI-GON,0.180327868852459,1
QUI-GON,0.185792349726776,1
QUI-GON,0.191256830601093,1
QUI-GON,0.207650273224044,1
QUI-GON,0.213114754098361,1
QUI-GON,0.229508196721311,1
QUI-GON,0.240437158469945,1
QUI-GON,0.256830601092896,1
QUI-GON,0.262295081967213,1
QUI-GON,0.26775956284153,1
QUI-GON,0.273224043715847,1
QUI-GON,0.278688524590164,1
QUI-GON,0.284153005464481,1
QUI-GON,0.289617486338798,1
QUI-GON,0.295081967213115,1
QUI-GON,0.300546448087432,1
QUI-GON,0.311475409836066,1
QUI-GON,0.316939890710383,1
QUI-GON,0.322404371584699,1
QUI-GON,0.33879781420765,1
QUI-GON,0.349726775956284,1
QUI-GON,0.355191256830601,1
QUI-GON,0.360655737704918,1
QUI-GON,0.366120218579235,1
QUI-GON,0.371584699453552,1
QUI-GON,0.377049180327869,1
QUI-GON,0.387978142076503,1
QUI-GON,0.404371584699454,1
QUI-GON,0.415300546448087,1
QUI-GON,0.448087431693989,1
QUI-GON,0.459016393442623,1
QUI-GON,0.475409836065574,1
QUI-GON,0.486338797814208,1
QUI-GON,0.497267759562842,1
QUI-GON,0.508196721311475,1
QUI-GON,0.524590163934426,1
QUI-GON,0.53551912568306,1
QUI-GON,0.540983606557377,1
QUI-GON,0.546448087431694,1
QUI-GON,0.551912568306011,1
QUI-GON,0.562841530054645,1
QUI-GON,0.573770491803279,1
QUI-GON,0.579234972677596,1
QUI-GON,0.584699453551913,1
QUI-GON,0.59016393442623,1
QUI-GON,0.595628415300546,1
QUI-GON,0.601092896174863,1
QUI-GON,0.612021857923497,1
QUI-GON,0.617486338797814,1
QUI-GON,0.666666666666667,1
QUI-GON,0.688524590163934,1
QUI-GON,0.704918032786885,1
QUI-GON,0.721311475409836,1
QUI-GON,0.726775956284153,1
QUI-GON,0.743169398907104,1
QUI-GON,0.754098360655738,1
QUI-GON,0.759562841530055,1
QUI-GON,0.775956284153005,1
QUI-GON,0.786885245901639,1
QUI-GON,0.797814207650273,1
QUI-GON,0.80327868852459,1
QUI-GON,0.808743169398907,1
QUI-GON,0.841530054644809,1
QUI-GON,0.890710382513661,1
QUI-GON,0.901639344262295,1
QUI-GON,0.907103825136612,1
QUI-GON,0.923497267759563,1
QUI-GON,0.939890710382514,1
QUI-GON,0.983606557377049,1
QUI-GON,0.989071038251366,1
QUI-GON,1.26,2
QUI-GON,2.92116182572614,3
QUI-GON,2.96680497925311,3
TC-14,0.0163934426229508,1
TC-14,0.0218579234972678,1
TC-14,0.0273224043715847,1
TC-14,0.0327868852459016,1
PK-4,0.0163934426229508,1
PK-4,1.2,2
OBI-WAN,0.0218579234972678,1
OBI-WAN,0.0437158469945355,1
OBI-WAN,0.0491803278688525,1
OBI-WAN,0.0546448087431694,1
OBI-WAN,0.0655737704918033,1
OBI-WAN,0.087431693989071,1
OBI-WAN,0.0983606557377049,1
OBI-WAN,0.103825136612022,1
OBI-WAN,0.109289617486339,1
OBI-WAN,0.120218579234973,1
OBI-WAN,0.131147540983607,1
OBI-WAN,0.14207650273224,1
OBI-WAN,0.163934426229508,1
OBI-WAN,0.180327868852459,1
OBI-WAN,0.185792349726776,1
OBI-WAN,0.191256830601093,1
OBI-WAN,0.213114754098361,1
OBI-WAN,0.229508196721311,1
OBI-WAN,0.240437158469945,1
OBI-WAN,0.256830601092896,1
OBI-WAN,0.295081967213115,1
OBI-WAN,0.306010928961749,1
OBI-WAN,0.333333333333333,1
OBI-WAN,0.33879781420765,1
OBI-WAN,0.366120218579235,1
OBI-WAN,0.387978142076503,1
OBI-WAN,0.420765027322404,1
OBI-WAN,0.431693989071038,1
OBI-WAN,0.497267759562842,1
OBI-WAN,0.540983606557377,1
OBI-WAN,0.59016393442623,1
OBI-WAN,0.612021857923497,1
OBI-WAN,0.617486338797814,1
OBI-WAN,0.666666666666667,1
OBI-WAN,0.688524590163934,1
OBI-WAN,0.704918032786885,1
OBI-WAN,0.721311475409836,1
OBI-WAN,0.726775956284153,1
OBI-WAN,0.743169398907104,1
OBI-WAN,0.748633879781421,1
OBI-WAN,0.759562841530055,1
OBI-WAN,0.775956284153005,1
OBI-WAN,0.786885245901639,1
OBI-WAN,0.797814207650273,1
OBI-WAN,0.808743169398907,1
OBI-WAN,0.841530054644809,1
OBI-WAN,0.901639344262295,1
OBI-WAN,0.907103825136612,1
OBI-WAN,0.923497267759563,1
OBI-WAN,0.939890710382514,1
OBI-WAN,0.978142076502732,1
OBI-WAN,0.983606557377049,1
OBI-WAN,0.989071038251366,1
OBI-WAN,0.994535519125683,1
OBI-WAN,1.04,2
OBI-WAN,1.05333333333333,2
OBI-WAN,1.06,2
OBI-WAN,1.07333333333333,2
OBI-WAN,1.08666666666667,2
OBI-WAN,1.1,2
OBI-WAN,1.10666666666667,2
OBI-WAN,1.11333333333333,2
OBI-WAN,1.12,2
OBI-WAN,1.12666666666667,2
OBI-WAN,1.14,2
OBI-WAN,1.14666666666667,2
OBI-WAN,1.15333333333333,2
OBI-WAN,1.16,2
OBI-WAN,1.16666666666667,2
OBI-WAN,1.18,2
OBI-WAN,1.19333333333333,2
OBI-WAN,1.2,2
OBI-WAN,1.22,2
OBI-WAN,1.22666666666667,2
OBI-WAN,1.26,2
OBI-WAN,1.30666666666667,2
OBI-WAN,1.31333333333333,2
OBI-WAN,1.33333333333333,2
OBI-WAN,1.35333333333333,2
OBI-WAN,1.36666666666667,2
OBI-WAN,1.37333333333333,2
OBI-WAN,1.38,2
OBI-WAN,1.38666666666667,2
OBI-WAN,1.4,2
OBI-WAN,1.40666666666667,2
OBI-WAN,1.41333333333333,2
OBI-WAN,1.42,2
OBI-WAN,1.42666666666667,2
OBI-WAN,1.43333333333333,2
OBI-WAN,1.44,2
OBI-WAN,1.44666666666667,2
OBI-WAN,1.46,2
OBI-WAN,1.48,2
OBI-WAN,1.5,2
OBI-WAN,1.50666666666667,2
OBI-WAN,1.53333333333333,2
OBI-WAN,1.54,2
OBI-WAN,1.54666666666667,2
OBI-WAN,1.55333333333333,2
OBI-WAN,1.56,2
OBI-WAN,1.61333333333333,2
OBI-WAN,1.62,2
OBI-WAN,1.66666666666667,2
OBI-WAN,1.67333333333333,2
OBI-WAN,1.68,2
OBI-WAN,1.68666666666667,2
OBI-WAN,1.71333333333333,2
OBI-WAN,1.72666666666667,2
OBI-WAN,1.74,2
OBI-WAN,1.76,2
OBI-WAN,1.77333333333333,2
OBI-WAN,1.82,2
OBI-WAN,1.86,2
OBI-WAN,1.87333333333333,2
OBI-WAN,1.88666666666667,2
OBI-WAN,1.91333333333333,2
OBI-WAN,1.94666666666667,2
OBI-WAN,1.95333333333333,2
OBI-WAN,1.98,2
OBI-WAN,2.00414937759336,3
OBI-WAN,2.00829875518672,3
OBI-WAN,2.01244813278008,3
OBI-WAN,2.0207468879668,3
OBI-WAN,2.02489626556017,3
OBI-WAN,2.03319502074689,3
OBI-WAN,2.03734439834025,3
OBI-WAN,2.04564315352697,3
OBI-WAN,2.04979253112033,3
OBI-WAN,2.06224066390041,3
OBI-WAN,2.07883817427386,3
OBI-WAN,2.08298755186722,3
OBI-WAN,2.09128630705394,3
OBI-WAN,2.0954356846473,3
OBI-WAN,2.09958506224066,3
OBI-WAN,2.10373443983403,3
OBI-WAN,2.11203319502075,3
OBI-WAN,2.12033195020747,3
OBI-WAN,2.12448132780083,3
OBI-WAN,2.13278008298755,3
OBI-WAN,2.14107883817427,3
OBI-WAN,2.149377593361,3
OBI-WAN,2.15767634854772,3
OBI-WAN,2.16182572614108,3
OBI-WAN,2.17427385892116,3
OBI-WAN,2.18672199170125,3
OBI-WAN,2.20746887966805,3
OBI-WAN,2.21576763485477,3
OBI-WAN,2.21991701244813,3
OBI-WAN,2.22406639004149,3
OBI-WAN,2.23236514522822,3
OBI-WAN,2.23651452282158,3
OBI-WAN,2.24066390041494,3
OBI-WAN,2.2448132780083,3
OBI-WAN,2.25311203319502,3
OBI-WAN,2.25726141078838,3
OBI-WAN,2.26141078838174,3
OBI-WAN,2.27800829875519,3
OBI-WAN,2.28215767634855,3
OBI-WAN,2.28630705394191,3
OBI-WAN,2.31535269709544,3
OBI-WAN,2.32780082987552,3
OBI-WAN,2.34439834024896,3
OBI-WAN,2.34854771784232,3
OBI-WAN,2.35684647302905,3
OBI-WAN,2.37344398340249,3
OBI-WAN,2.39004149377593,3
OBI-WAN,2.39834024896266,3
OBI-WAN,2.40663900414938,3
OBI-WAN,2.41078838174274,3
OBI-WAN,2.42323651452282,3
OBI-WAN,2.42738589211618,3
OBI-WAN,2.43153526970954,3
OBI-WAN,2.4356846473029,3
OBI-WAN,2.44398340248963,3
OBI-WAN,2.44813278008299,3
OBI-WAN,2.45228215767635,3
OBI-WAN,2.45643153526971,3
OBI-WAN,2.46058091286307,3
OBI-WAN,2.46473029045643,3
OBI-WAN,2.46887966804979,3
OBI-WAN,2.47302904564315,3
OBI-WAN,2.49377593360996,3
OBI-WAN,2.49792531120332,3
OBI-WAN,2.50207468879668,3
OBI-WAN,2.50622406639004,3
OBI-WAN,2.5103734439834,3
OBI-WAN,2.51452282157676,3
OBI-WAN,2.53941908713693,3
OBI-WAN,2.54771784232365,3
OBI-WAN,2.62655601659751,3
OBI-WAN,2.65145228215768,3
OBI-WAN,2.65560165975104,3
OBI-WAN,2.6597510373444,3
OBI-WAN,2.66390041493776,3
OBI-WAN,2.67219917012448,3
OBI-WAN,2.67634854771784,3
OBI-WAN,2.6804979253112,3
OBI-WAN,2.69294605809129,3
OBI-WAN,2.69709543568465,3
OBI-WAN,2.72199170124481,3
OBI-WAN,2.7344398340249,3
OBI-WAN,2.76348547717842,3
OBI-WAN,2.76763485477178,3
OBI-WAN,2.77593360995851,3
OBI-WAN,2.79253112033195,3
OBI-WAN,2.79668049792531,3
OBI-WAN,2.80912863070539,3
OBI-WAN,2.81742738589212,3
OBI-WAN,2.8298755186722,3
OBI-WAN,2.83817427385892,3
OBI-WAN,2.84647302904564,3
OBI-WAN,2.850622406639,3
OBI-WAN,2.85477178423237,3
OBI-WAN,2.86721991701245,3
OBI-WAN,2.87966804979253,3
OBI-WAN,2.88796680497925,3
OBI-WAN,2.89211618257261,3
OBI-WAN,2.89626556016598,3
OBI-WAN,2.90041493775934,3
OBI-WAN,2.92116182572614,3
OBI-WAN,2.92946058091286,3
OBI-WAN,2.93775933609959,3
OBI-WAN,2.94605809128631,3
OBI-WAN,2.95435684647303,3
OBI-WAN,2.96680497925311,3
OBI-WAN,2.99585062240664,3
OBI-WAN,3.06160164271047,4
OBI-WAN,3.06365503080082,4
OBI-WAN,3.07802874743326,4
OBI-WAN,3.08418891170431,4
OBI-WAN,3.08829568788501,4
OBI-WAN,3.09034907597536,4
OBI-WAN,3.09240246406571,4
OBI-WAN,3.09856262833676,4
OBI-WAN,3.1088295687885,4
OBI-WAN,3.11088295687885,4
OBI-WAN,3.1129363449692,4
OBI-WAN,3.11498973305955,4
OBI-WAN,3.1170431211499,4
OBI-WAN,3.1211498973306,4
OBI-WAN,3.12320328542094,4
OBI-WAN,3.13347022587269,4
OBI-WAN,3.13757700205339,4
OBI-WAN,3.14373716632444,4
OBI-WAN,3.16221765913758,4
OBI-WAN,3.16632443531828,4
OBI-WAN,3.17659137577002,4
OBI-WAN,3.18275154004107,4
OBI-WAN,3.18685831622177,4
OBI-WAN,3.19096509240246,4
OBI-WAN,3.19507186858316,4
OBI-WAN,3.21149897330595,4
OBI-WAN,3.21560574948665,4
OBI-WAN,3.21971252566735,4
OBI-WAN,3.23203285420945,4
OBI-WAN,3.23408624229979,4
OBI-WAN,3.23613963039014,4
OBI-WAN,3.27310061601643,4
OBI-WAN,3.27720739219713,4
OBI-WAN,3.28952772073922,4
OBI-WAN,3.29568788501027,4
OBI-WAN,3.29979466119097,4
OBI-WAN,3.30184804928131,4
OBI-WAN,3.30390143737166,4
OBI-WAN,3.31006160164271,4
OBI-WAN,3.42915811088296,4
OBI-WAN,3.8952772073922,4
OBI-WAN,3.8993839835729,4
OBI-WAN,3.90759753593429,4
OBI-WAN,3.98973305954825,4
OBI-WAN,4.06071428571429,5
OBI-WAN,4.54642857142857,5
OBI-WAN,4.55357142857143,5
OBI-WAN,4.58928571428571,5
OBI-WAN,4.71071428571429,5
OBI-WAN,4.80357142857143,5
OBI-WAN,4.83571428571429,5
OBI-WAN,4.84642857142857,5
OBI-WAN,4.93214285714286,5
OBI-WAN,4.95,5
OBI-WAN,5.11029411764706,6
OBI-WAN,5.33088235294118,6
OBI-WAN,5.35294117647059,6
OBI-WAN,5.55147058823529,6
OBI-WAN,5.83823529411765,6
OBI-WAN,5.875,6
OBI-WAN,5.99264705882353,6
YODA,0.0218579234972678,1
YODA,0.387978142076503,1
YODA,0.688524590163934,1
YODA,0.710382513661202,1
YODA,0.721311475409836,1
YODA,0.978142076502732,1
YODA,0.983606557377049,1
YODA,0.989071038251366,1
YODA,1.04,2
YODA,1.07333333333333,2
YODA,1.14,2
YODA,1.16666666666667,2
YODA,1.31333333333333,2
YODA,1.33333333333333,2
YODA,1.34,2
YODA,1.46,2
YODA,1.74,2
YODA,1.79333333333333,2
YODA,1.91333333333333,2
YODA,1.92666666666667,2
YODA,1.95333333333333,2
YODA,1.98,2
YODA,2.3195020746888,3
YODA,2.34439834024896,3
YODA,2.35684647302905,3
YODA,2.37344398340249,3
YODA,2.37759336099585,3
YODA,2.38174273858921,3
YODA,2.48547717842324,3
YODA,2.53526970954357,3
YODA,2.56016597510373,3
YODA,2.58921161825726,3
YODA,2.63070539419087,3
YODA,2.63485477178423,3
YODA,2.66390041493776,3
YODA,2.6804979253112,3
YODA,2.69294605809129,3
YODA,2.69709543568465,3
YODA,2.72199170124481,3
YODA,2.7344398340249,3
YODA,2.76348547717842,3
YODA,2.76763485477178,3
YODA,2.81327800829876,3
YODA,2.82572614107884,3
YODA,2.83402489626556,3
YODA,2.84232365145228,3
YODA,2.85892116182573,3
YODA,2.86307053941909,3
YODA,2.87136929460581,3
YODA,2.87551867219917,3
YODA,2.92116182572614,3
YODA,2.92946058091286,3
YODA,2.93775933609959,3
YODA,2.94605809128631,3
YODA,2.96680497925311,3
YODA,2.9792531120332,3
YODA,4.06071428571429,5
YODA,4.52857142857143,5
YODA,4.55357142857143,5
YODA,4.58928571428571,5
YODA,4.59642857142857,5
YODA,4.62857142857143,5
YODA,4.65,5
YODA,4.71071428571429,5
YODA,5.33823529411765,6
YODA,5.34558823529412,6
YODA,5.35294117647059,6
YODA,5.99264705882353,6
DOFINE,0.0273224043715847,1
DOFINE,0.950819672131147,1
RUNE,0.0382513661202186,1
RUNE,0.0491803278688525,1
RUNE,0.0601092896174863,1
RUNE,0.0710382513661202,1
RUNE,0.092896174863388,1
RUNE,0.136612021857924,1
RUNE,0.153005464480874,1
RUNE,0.174863387978142,1
RUNE,0.224043715846995,1
RUNE,0.633879781420765,1
RUNE,0.73224043715847,1
RUNE,0.792349726775956,1
RUNE,0.80327868852459,1
RUNE,0.819672131147541,1
RUNE,0.934426229508197,1
RUNE,0.978142076502732,1
RUNE,2.46058091286307,3
RUNE,2.73858921161826,3
RUNE,2.7551867219917,3
TEY HOW,0.0601092896174863,1
TEY HOW,0.0710382513661202,1
TEY HOW,0.950819672131147,1
VALORUM,0.0655737704918033,1
VALORUM,0.666666666666667,1
VALORUM,0.677595628415301,1
VALORUM,0.699453551912568,1
VALORUM,0.715846994535519,1
RABE,0.0710382513661202,1
RABE,0.174863387978142,1
RABE,0.180327868852459,1
RABE,0.191256830601093,1
RABE,0.229508196721311,1
RABE,0.333333333333333,1
RABE,0.666666666666667,1
RABE,0.672131147540984,1
RABE,0.677595628415301,1
RABE,0.688524590163934,1
RABE,0.699453551912568,1
RABE,0.775956284153005,1
RABE,0.786885245901639,1
RABE,0.808743169398907,1
EMPEROR,0.0765027322404372,1
EMPEROR,0.136612021857924,1
EMPEROR,0.185792349726776,1
EMPEROR,0.224043715846995,1
EMPEROR,0.344262295081967,1
EMPEROR,0.666666666666667,1
EMPEROR,0.672131147540984,1
EMPEROR,0.677595628415301,1
EMPEROR,0.688524590163934,1
EMPEROR,0.699453551912568,1
EMPEROR,0.715846994535519,1
EMPEROR,0.726775956284153,1
EMPEROR,0.73224043715847,1
EMPEROR,0.792349726775956,1
EMPEROR,0.80327868852459,1
EMPEROR,0.978142076502732,1
EMPEROR,0.989071038251366,1
EMPEROR,0.994535519125683,1
EMPEROR,1.02666666666667,2
EMPEROR,1.04,2
EMPEROR,1.1,2
EMPEROR,1.74,2
EMPEROR,1.8,2
EMPEROR,1.84,2
EMPEROR,1.96666666666667,2
EMPEROR,1.99333333333333,2
EMPEROR,2.00414937759336,3
EMPEROR,2.04564315352697,3
EMPEROR,2.15767634854772,3
EMPEROR,2.16182572614108,3
EMPEROR,2.17427385892116,3
EMPEROR,2.20746887966805,3
EMPEROR,2.21576763485477,3
EMPEROR,2.21991701244813,3
EMPEROR,2.22406639004149,3
EMPEROR,2.23236514522822,3
EMPEROR,2.23651452282158,3
EMPEROR,2.24066390041494,3
EMPEROR,2.2448132780083,3
EMPEROR,2.25311203319502,3
EMPEROR,2.25726141078838,3
EMPEROR,2.26141078838174,3
EMPEROR,2.27800829875519,3
EMPEROR,2.28630705394191,3
EMPEROR,2.29045643153527,3
EMPEROR,2.29875518672199,3
EMPEROR,2.32780082987552,3
EMPEROR,2.33195020746888,3
EMPEROR,2.33609958506224,3
EMPEROR,2.34439834024896,3
EMPEROR,2.34854771784232,3
EMPEROR,2.36514522821577,3
EMPEROR,2.37344398340249,3
EMPEROR,2.4149377593361,3
EMPEROR,2.41908713692946,3
EMPEROR,2.46058091286307,3
EMPEROR,2.48132780082988,3
EMPEROR,2.4896265560166,3
EMPEROR,2.51452282157676,3
EMPEROR,2.51867219917012,3
EMPEROR,2.53112033195021,3
EMPEROR,2.53941908713693,3
EMPEROR,2.54771784232365,3
EMPEROR,2.55186721991701,3
EMPEROR,2.56846473029046,3
EMPEROR,2.5850622406639,3
EMPEROR,2.68879668049793,3
EMPEROR,2.73029045643154,3
EMPEROR,2.74273858921162,3
EMPEROR,2.75103734439834,3
EMPEROR,2.76763485477178,3
EMPEROR,2.77593360995851,3
EMPEROR,2.80082987551867,3
EMPEROR,2.81327800829876,3
EMPEROR,2.82572614107884,3
EMPEROR,2.83402489626556,3
EMPEROR,2.84232365145228,3
EMPEROR,2.86307053941909,3
EMPEROR,2.88796680497925,3
EMPEROR,2.90871369294606,3
EMPEROR,2.91286307053942,3
EMPEROR,2.91701244813278,3
EMPEROR,2.9253112033195,3
EMPEROR,2.93360995850622,3
EMPEROR,2.95850622406639,3
EMPEROR,2.96680497925311,3
EMPEROR,2.98340248962656,3
EMPEROR,3.01026694045175,4
EMPEROR,3.09650924024641,4
EMPEROR,3.17248459958932,4
EMPEROR,4.53928571428571,5
EMPEROR,4.54642857142857,5
EMPEROR,4.71071428571429,5
EMPEROR,4.75714285714286,5
EMPEROR,4.80357142857143,5
EMPEROR,4.83571428571429,5
EMPEROR,5.02205882352941,6
EMPEROR,5.33088235294118,6
EMPEROR,5.34558823529412,6
EMPEROR,5.35294117647059,6
EMPEROR,5.36764705882353,6
EMPEROR,5.39705882352941,6
EMPEROR,5.47794117647059,6
EMPEROR,5.48529411764706,6
EMPEROR,5.53676470588235,6
EMPEROR,5.55147058823529,6
EMPEROR,5.63970588235294,6
EMPEROR,5.69852941176471,6
EMPEROR,5.72794117647059,6
EMPEROR,5.73529411764706,6
EMPEROR,5.74264705882353,6
EMPEROR,5.81617647058824,6
EMPEROR,5.83823529411765,6
EMPEROR,5.875,6
EMPEROR,5.89705882352941,6
CAPTAIN PANAKA,0.0765027322404372,1
CAPTAIN PANAKA,0.174863387978142,1
CAPTAIN PANAKA,0.180327868852459,1
CAPTAIN PANAKA,0.185792349726776,1
CAPTAIN PANAKA,0.191256830601093,1
CAPTAIN PANAKA,0.207650273224044,1
CAPTAIN PANAKA,0.213114754098361,1
CAPTAIN PANAKA,0.229508196721311,1
CAPTAIN PANAKA,0.240437158469945,1
CAPTAIN PANAKA,0.262295081967213,1
CAPTAIN PANAKA,0.306010928961749,1
CAPTAIN PANAKA,0.584699453551913,1
CAPTAIN PANAKA,0.59016393442623,1
CAPTAIN PANAKA,0.666666666666667,1
CAPTAIN PANAKA,0.672131147540984,1
CAPTAIN PANAKA,0.677595628415301,1
CAPTAIN PANAKA,0.699453551912568,1
CAPTAIN PANAKA,0.715846994535519,1
CAPTAIN PANAKA,0.726775956284153,1
CAPTAIN PANAKA,0.743169398907104,1
CAPTAIN PANAKA,0.748633879781421,1
CAPTAIN PANAKA,0.754098360655738,1
CAPTAIN PANAKA,0.775956284153005,1
CAPTAIN PANAKA,0.786885245901639,1
CAPTAIN PANAKA,0.797814207650273,1
CAPTAIN PANAKA,0.808743169398907,1
CAPTAIN PANAKA,0.841530054644809,1
CAPTAIN PANAKA,0.87431693989071,1
CAPTAIN PANAKA,0.879781420765027,1
CAPTAIN PANAKA,0.912568306010929,1
CAPTAIN PANAKA,0.934426229508197,1
CAPTAIN PANAKA,0.978142076502732,1
CAPTAIN PANAKA,0.989071038251366,1
SIO BIBBLE,0.0765027322404372,1
SIO BIBBLE,0.174863387978142,1
SIO BIBBLE,0.180327868852459,1
SIO BIBBLE,0.185792349726776,1
SIO BIBBLE,0.191256830601093,1
SIO BIBBLE,0.333333333333333,1
SIO BIBBLE,0.633879781420765,1
SIO BIBBLE,0.639344262295082,1
SIO BIBBLE,0.989071038251366,1
SIO BIBBLE,0.994535519125683,1
SIO BIBBLE,1.24666666666667,2
SIO BIBBLE,2.97510373443983,3
JAR JAR,0.0983606557377049,1
JAR JAR,0.103825136612022,1
JAR JAR,0.109289617486339,1
JAR JAR,0.114754098360656,1
JAR JAR,0.120218579234973,1
JAR JAR,0.131147540983607,1
JAR JAR,0.14207650273224,1
JAR JAR,0.158469945355191,1
JAR JAR,0.163934426229508,1
JAR JAR,0.180327868852459,1
JAR JAR,0.185792349726776,1
JAR JAR,0.191256830601093,1
JAR JAR,0.213114754098361,1
JAR JAR,0.234972677595628,1
JAR JAR,0.256830601092896,1
JAR JAR,0.262295081967213,1
JAR JAR,0.26775956284153,1
JAR JAR,0.278688524590164,1
JAR JAR,0.289617486338798,1
JAR JAR,0.295081967213115,1
JAR JAR,0.300546448087432,1
JAR JAR,0.316939890710383,1
JAR JAR,0.322404371584699,1
JAR JAR,0.349726775956284,1
JAR JAR,0.355191256830601,1
JAR JAR,0.371584699453552,1
JAR JAR,0.377049180327869,1
JAR JAR,0.404371584699454,1
JAR JAR,0.415300546448087,1
JAR JAR,0.448087431693989,1
JAR JAR,0.453551912568306,1
JAR JAR,0.459016393442623,1
JAR JAR,0.475409836065574,1
JAR JAR,0.486338797814208,1
JAR JAR,0.497267759562842,1
JAR JAR,0.508196721311475,1
JAR JAR,0.53551912568306,1
JAR JAR,0.540983606557377,1
JAR JAR,0.639344262295082,1
JAR JAR,0.666666666666667,1
JAR JAR,0.672131147540984,1
JAR JAR,0.715846994535519,1
JAR JAR,0.726775956284153,1
JAR JAR,0.743169398907104,1
JAR JAR,0.759562841530055,1
JAR JAR,0.765027322404372,1
JAR JAR,0.770491803278688,1
JAR JAR,0.775956284153005,1
JAR JAR,0.781420765027322,1
JAR JAR,0.786885245901639,1
JAR JAR,0.797814207650273,1
JAR JAR,0.80327868852459,1
JAR JAR,0.852459016393443,1
JAR JAR,0.885245901639344,1
JAR JAR,0.918032786885246,1
JAR JAR,0.92896174863388,1
JAR JAR,0.961748633879781,1
JAR JAR,0.989071038251366,1
JAR JAR,0.994535519125683,1
JAR JAR,1.01333333333333,2
JAR JAR,1.02666666666667,2
JAR JAR,1.04,2
JAR JAR,1.05333333333333,2
JAR JAR,1.06,2
JAR JAR,1.16666666666667,2
JAR JAR,1.74,2
JAR JAR,1.8,2
JAR JAR,1.99333333333333,2
JAR JAR,2.28630705394191,3
JAR JAR,2.41908713692946,3
JAR JAR,2.73029045643154,3
TARPALS,0.114754098360656,1
TARPALS,0.781420765027322,1
BOSS NASS,0.120218579234973,1
BOSS NASS,0.786885245901639,1
BOSS NASS,0.797814207650273,1
BOSS NASS,0.989071038251366,1
BOSS NASS,0.994535519125683,1
PADME,0.174863387978142,1
PADME,0.180327868852459,1
PADME,0.185792349726776,1
PADME,0.191256830601093,1
PADME,0.229508196721311,1
PADME,0.234972677595628,1
PADME,0.262295081967213,1
PADME,0.26775956284153,1
PADME,0.278688524590164,1
PADME,0.289617486338798,1
PADME,0.295081967213115,1
PADME,0.300546448087432,1
PADME,0.311475409836066,1
PADME,0.316939890710383,1
PADME,0.322404371584699,1
PADME,0.327868852459016,1
PADME,0.349726775956284,1
PADME,0.355191256830601,1
PADME,0.371584699453552,1
PADME,0.377049180327869,1
PADME,0.398907103825137,1
PADME,0.404371584699454,1
PADME,0.415300546448087,1
PADME,0.448087431693989,1
PADME,0.459016393442623,1
PADME,0.475409836065574,1
PADME,0.486338797814208,1
PADME,0.497267759562842,1
PADME,0.508196721311475,1
PADME,0.53551912568306,1
PADME,0.540983606557377,1
PADME,0.584699453551913,1
PADME,0.59016393442623,1
PADME,0.639344262295082,1
PADME,0.666666666666667,1
PADME,0.672131147540984,1
PADME,0.688524590163934,1
PADME,0.726775956284153,1
PADME,0.754098360655738,1
PADME,0.775956284153005,1
PADME,0.786885245901639,1
PADME,0.797814207650273,1
PADME,0.808743169398907,1
PADME,0.814207650273224,1
PADME,0.830601092896175,1
PADME,0.841530054644809,1
PADME,0.87431693989071,1
PADME,0.879781420765027,1
PADME,0.912568306010929,1
PADME,0.934426229508197,1
PADME,0.978142076502732,1
PADME,1.01333333333333,2
PADME,1.02666666666667,2
PADME,1.06,2
PADME,1.08,2
PADME,1.08666666666667,2
PADME,1.09333333333333,2
PADME,1.10666666666667,2
PADME,1.12,2
PADME,1.16666666666667,2
PADME,1.18,2
PADME,1.21333333333333,2
PADME,1.23333333333333,2
PADME,1.24,2
PADME,1.24666666666667,2
PADME,1.26666666666667,2
PADME,1.27333333333333,2
PADME,1.28,2
PADME,1.28666666666667,2
PADME,1.3,2
PADME,1.32,2
PADME,1.32666666666667,2
PADME,1.35333333333333,2
PADME,1.36,2
PADME,1.39333333333333,2
PADME,1.48,2
PADME,1.48666666666667,2
PADME,1.52,2
PADME,1.56666666666667,2
PADME,1.57333333333333,2
PADME,1.58,2
PADME,1.59333333333333,2
PADME,1.6,2
PADME,1.65333333333333,2
PADME,1.66,2
PADME,1.75333333333333,2
PADME,1.76,2
PADME,1.76666666666667,2
PADME,1.77333333333333,2
PADME,1.82,2
PADME,1.82666666666667,2
PADME,1.83333333333333,2
PADME,1.84,2
PADME,1.84666666666667,2
PADME,1.85333333333333,2
PADME,1.86,2
PADME,1.87333333333333,2
PADME,1.88666666666667,2
PADME,1.91333333333333,2
PADME,1.94666666666667,2
PADME,1.98666666666667,2
PADME,2.29045643153527,3
PADME,2.30290456431535,3
PADME,2.30705394190871,3
PADME,2.31120331950207,3
PADME,2.31535269709544,3
PADME,2.33609958506224,3
PADME,2.36099585062241,3
PADME,2.38589211618257,3
PADME,2.39004149377593,3
PADME,2.39419087136929,3
PADME,2.42323651452282,3
PADME,2.42738589211618,3
PADME,2.48132780082988,3
PADME,2.4896265560166,3
PADME,2.51867219917012,3
PADME,2.53112033195021,3
PADME,2.53941908713693,3
PADME,2.60580912863071,3
PADME,2.66804979253112,3
PADME,2.67219917012448,3
PADME,2.73029045643154,3
PADME,2.75103734439834,3
PADME,2.77178423236515,3
PADME,2.77593360995851,3
PADME,2.79253112033195,3
PADME,2.79668049792531,3
PADME,2.80497925311203,3
PADME,2.80912863070539,3
PADME,2.82157676348548,3
PADME,2.88381742738589,3
PADME,2.89211618257261,3
PADME,2.89626556016598,3
PADME,2.90041493775934,3
PADME,2.92946058091286,3
PADME,2.93775933609959,3
PADME,2.94605809128631,3
PADME,2.95435684647303,3
PADME,2.95850622406639,3
PADME,2.97510373443983,3
RIC OLIE,0.191256830601093,1
RIC OLIE,0.207650273224044,1
RIC OLIE,0.213114754098361,1
RIC OLIE,0.240437158469945,1
RIC OLIE,0.59016393442623,1
RIC OLIE,0.617486338797814,1
RIC OLIE,0.655737704918033,1
RIC OLIE,0.737704918032787,1
RIC OLIE,0.748633879781421,1
RIC OLIE,0.846994535519126,1
RIC OLIE,0.896174863387978,1
RIC OLIE,0.956284153005464,1
RIC OLIE,0.972677595628415,1
R2-D2,0.229508196721311,1
R2-D2,0.234972677595628,1
R2-D2,0.256830601092896,1
R2-D2,0.26775956284153,1
R2-D2,0.278688524590164,1
R2-D2,0.289617486338798,1
R2-D2,0.295081967213115,1
R2-D2,0.300546448087432,1
R2-D2,0.322404371584699,1
R2-D2,0.327868852459016,1
R2-D2,0.355191256830601,1
R2-D2,0.371584699453552,1
R2-D2,0.377049180327869,1
R2-D2,0.404371584699454,1
R2-D2,0.415300546448087,1
R2-D2,0.448087431693989,1
R2-D2,0.486338797814208,1
R2-D2,0.497267759562842,1
R2-D2,0.502732240437158,1
R2-D2,0.508196721311475,1
R2-D2,0.53551912568306,1
R2-D2,0.540983606557377,1
R2-D2,0.612021857923497,1
R2-D2,0.639344262295082,1
R2-D2,0.726775956284153,1
R2-D2,0.775956284153005,1
R2-D2,0.786885245901639,1
R2-D2,0.797814207650273,1
R2-D2,0.808743169398907,1
R2-D2,0.830601092896175,1
R2-D2,0.841530054644809,1
R2-D2,0.85792349726776,1
R2-D2,0.890710382513661,1
R2-D2,0.896174863387978,1
R2-D2,0.945355191256831,1
R2-D2,0.967213114754098,1
R2-D2,0.972677595628415,1
R2-D2,0.994535519125683,1
R2-D2,1.01333333333333,2
R2-D2,1.08,2
R2-D2,1.08666666666667,2
R2-D2,1.09333333333333,2
R2-D2,1.10666666666667,2
R2-D2,1.18,2
R2-D2,1.21333333333333,2
R2-D2,1.23333333333333,2
R2-D2,1.24,2
R2-D2,1.26666666666667,2
R2-D2,1.48666666666667,2
R2-D2,1.56666666666667,2
R2-D2,1.76,2
R2-D2,1.76666666666667,2
R2-D2,1.77333333333333,2
R2-D2,1.82,2
R2-D2,1.86666666666667,2
R2-D2,1.88,2
R2-D2,1.93333333333333,2
R2-D2,1.98666666666667,2
R2-D2,2.00414937759336,3
R2-D2,2.0207468879668,3
R2-D2,2.03319502074689,3
R2-D2,2.03734439834025,3
R2-D2,2.08713692946058,3
R2-D2,2.09128630705394,3
R2-D2,2.09958506224066,3
R2-D2,2.10373443983403,3
R2-D2,2.11203319502075,3
R2-D2,2.12033195020747,3
R2-D2,2.12448132780083,3
R2-D2,2.12863070539419,3
R2-D2,2.13692946058091,3
R2-D2,2.14522821576763,3
R2-D2,2.149377593361,3
R2-D2,2.15352697095436,3
R2-D2,2.17427385892116,3
R2-D2,2.18257261410788,3
R2-D2,2.19087136929461,3
R2-D2,2.19917012448133,3
R2-D2,2.21991701244813,3
R2-D2,2.22406639004149,3
R2-D2,2.22821576763485,3
R2-D2,2.25311203319502,3
R2-D2,2.25726141078838,3
R2-D2,2.27800829875519,3
R2-D2,2.28630705394191,3
R2-D2,2.29045643153527,3
R2-D2,2.67219917012448,3
R2-D2,2.70539419087137,3
R2-D2,2.78008298755187,3
R2-D2,2.80912863070539,3
R2-D2,2.82157676348548,3
R2-D2,2.88381742738589,3
R2-D2,2.90041493775934,3
R2-D2,2.92946058091286,3
R2-D2,2.93775933609959,3
R2-D2,2.94605809128631,3
R2-D2,2.97095435684647,3
R2-D2,3.00205338809035,4
R2-D2,3.00616016427105,4
R2-D2,3.01232032854209,4
R2-D2,3.01437371663244,4
R2-D2,3.02053388090349,4
R2-D2,3.02464065708419,4
R2-D2,3.03696098562628,4
R2-D2,3.04312114989733,4
R2-D2,3.04517453798768,4
R2-D2,3.04722792607803,4
R2-D2,3.04928131416838,4
R2-D2,3.05338809034908,4
R2-D2,3.05749486652977,4
R2-D2,3.05954825462012,4
R2-D2,3.06160164271047,4
R2-D2,3.06776180698152,4
R2-D2,3.08418891170431,4
R2-D2,3.08829568788501,4
R2-D2,3.09034907597536,4
R2-D2,3.09240246406571,4
R2-D2,3.09856262833676,4
R2-D2,3.11088295687885,4
R2-D2,3.11498973305955,4
R2-D2,3.11909650924025,4
R2-D2,3.13141683778234,4
R2-D2,3.14373716632444,4
R2-D2,3.15811088295688,4
R2-D2,3.17659137577002,4
R2-D2,3.21560574948665,4
R2-D2,3.24024640657084,4
R2-D2,3.24640657084189,4
R2-D2,3.25051334702259,4
R2-D2,3.25462012320329,4
R2-D2,3.26694045174538,4
R2-D2,3.29158110882957,4
R2-D2,3.30184804928131,4
R2-D2,3.31416837782341,4
R2-D2,3.3388090349076,4
R2-D2,3.35728952772074,4
R2-D2,3.39630390143737,4
R2-D2,3.40246406570842,4
R2-D2,3.42094455852156,4
R2-D2,3.42710472279261,4
R2-D2,3.42915811088296,4
R2-D2,3.4517453798768,4
R2-D2,3.57289527720739,4
R2-D2,3.81930184804928,4
R2-D2,3.82135523613963,4
R2-D2,3.85010266940452,4
R2-D2,3.85215605749487,4
R2-D2,3.8829568788501,4
R2-D2,3.91581108829569,4
R2-D2,3.92197125256674,4
R2-D2,3.92402464065708,4
R2-D2,3.92607802874743,4
R2-D2,3.9958932238193,4
R2-D2,3.99794661190965,4
R2-D2,4.02857142857143,5
R2-D2,4.03214285714286,5
R2-D2,4.05,5
R2-D2,4.05714285714286,5
R2-D2,4.08571428571429,5
R2-D2,4.30357142857143,5
R2-D2,4.42142857142857,5
R2-D2,4.42857142857143,5
R2-D2,4.5,5
R2-D2,4.50357142857143,5
R2-D2,4.51071428571429,5
R2-D2,4.51428571428571,5
R2-D2,4.52857142857143,5
R2-D2,4.53214285714286,5
R2-D2,4.55,5
R2-D2,4.55357142857143,5
R2-D2,4.58928571428571,5
R2-D2,4.62857142857143,5
R2-D2,4.65,5
R2-D2,4.71071428571429,5
R2-D2,4.73928571428571,5
R2-D2,4.77142857142857,5
R2-D2,4.775,5
R2-D2,4.77857142857143,5
R2-D2,4.79642857142857,5
R2-D2,4.8,5
R2-D2,4.81428571428571,5
R2-D2,4.81785714285714,5
R2-D2,4.825,5
R2-D2,4.91428571428571,5
R2-D2,4.95714285714286,5
R2-D2,4.96428571428571,5
R2-D2,4.98214285714286,5
R2-D2,4.98928571428571,5
R2-D2,5.02941176470588,6
R2-D2,5.03676470588235,6
R2-D2,5.04411764705882,6
R2-D2,5.05147058823529,6
R2-D2,5.05882352941176,6
R2-D2,5.06617647058824,6
R2-D2,5.15441176470588,6
R2-D2,5.18382352941176,6
R2-D2,5.19117647058824,6
R2-D2,5.19852941176471,6
R2-D2,5.26470588235294,6
R2-D2,5.27205882352941,6
R2-D2,5.28676470588235,6
R2-D2,5.30147058823529,6
R2-D2,5.30882352941176,6
R2-D2,5.33823529411765,6
R2-D2,5.35294117647059,6
R2-D2,5.36764705882353,6
R2-D2,5.375,6
R2-D2,5.44117647058824,6
R2-D2,5.46323529411765,6
R2-D2,5.49264705882353,6
R2-D2,5.5,6
R2-D2,5.50735294117647,6
R2-D2,5.52205882352941,6
R2-D2,5.52941176470588,6
R2-D2,5.61764705882353,6
R2-D2,5.64705882352941,6
R2-D2,5.70588235294118,6
R2-D2,5.79411764705882,6
R2-D2,6.51492537313433,7
R2-D2,6.64179104477612,7
R2-D2,6.9589552238806,7
R2-D2,6.96268656716418,7
R2-D2,6.98880597014925,7
ANAKIN,0.278688524590164,1
ANAKIN,0.289617486338798,1
ANAKIN,0.300546448087432,1
ANAKIN,0.311475409836066,1
ANAKIN,0.316939890710383,1
ANAKIN,0.322404371584699,1
ANAKIN,0.327868852459016,1
ANAKIN,0.344262295081967,1
ANAKIN,0.349726775956284,1
ANAKIN,0.360655737704918,1
ANAKIN,0.371584699453552,1
ANAKIN,0.377049180327869,1
ANAKIN,0.387978142076503,1
ANAKIN,0.404371584699454,1
ANAKIN,0.415300546448087,1
ANAKIN,0.431693989071038,1
ANAKIN,0.448087431693989,1
ANAKIN,0.475409836065574,1
ANAKIN,0.480874316939891,1
ANAKIN,0.491803278688525,1
ANAKIN,0.497267759562842,1
ANAKIN,0.508196721311475,1
ANAKIN,0.519125683060109,1
ANAKIN,0.53551912568306,1
ANAKIN,0.546448087431694,1
ANAKIN,0.551912568306011,1
ANAKIN,0.557377049180328,1
ANAKIN,0.562841530054645,1
ANAKIN,0.573770491803279,1
ANAKIN,0.579234972677596,1
ANAKIN,0.584699453551913,1
ANAKIN,0.59016393442623,1
ANAKIN,0.612021857923497,1
ANAKIN,0.617486338797814,1
ANAKIN,0.639344262295082,1
ANAKIN,0.655737704918033,1
ANAKIN,0.666666666666667,1
ANAKIN,0.672131147540984,1
ANAKIN,0.688524590163934,1
ANAKIN,0.704918032786885,1
ANAKIN,0.710382513661202,1
ANAKIN,0.721311475409836,1
ANAKIN,0.726775956284153,1
ANAKIN,0.737704918032787,1
ANAKIN,0.754098360655738,1
ANAKIN,0.775956284153005,1
ANAKIN,0.786885245901639,1
ANAKIN,0.797814207650273,1
ANAKIN,0.808743169398907,1
ANAKIN,0.814207650273224,1
ANAKIN,0.830601092896175,1
ANAKIN,0.841530054644809,1
ANAKIN,0.85792349726776,1
ANAKIN,0.890710382513661,1
ANAKIN,0.896174863387978,1
ANAKIN,0.945355191256831,1
ANAKIN,0.967213114754098,1
ANAKIN,0.972677595628415,1
ANAKIN,0.983606557377049,1
ANAKIN,0.989071038251366,1
ANAKIN,0.994535519125683,1
ANAKIN,1.05333333333333,2
ANAKIN,1.06,2
ANAKIN,1.08666666666667,2
ANAKIN,1.1,2
ANAKIN,1.10666666666667,2
ANAKIN,1.12,2
ANAKIN,1.13333333333333,2
ANAKIN,1.14,2
ANAKIN,1.14666666666667,2
ANAKIN,1.15333333333333,2
ANAKIN,1.16,2
ANAKIN,1.16666666666667,2
ANAKIN,1.18,2
ANAKIN,1.21333333333333,2
ANAKIN,1.23333333333333,2
ANAKIN,1.24,2
ANAKIN,1.24666666666667,2
ANAKIN,1.26666666666667,2
ANAKIN,1.27333333333333,2
ANAKIN,1.28,2
ANAKIN,1.28666666666667,2
ANAKIN,1.29333333333333,2
ANAKIN,1.3,2
ANAKIN,1.32,2
ANAKIN,1.32666666666667,2
ANAKIN,1.33333333333333,2
ANAKIN,1.35333333333333,2
ANAKIN,1.36,2
ANAKIN,1.39333333333333,2
ANAKIN,1.47333333333333,2
ANAKIN,1.48,2
ANAKIN,1.48666666666667,2
ANAKIN,1.52,2
ANAKIN,1.56666666666667,2
ANAKIN,1.57333333333333,2
ANAKIN,1.58,2
ANAKIN,1.59333333333333,2
ANAKIN,1.6,2
ANAKIN,1.62666666666667,2
ANAKIN,1.63333333333333,2
ANAKIN,1.64,2
ANAKIN,1.69333333333333,2
ANAKIN,1.7,2
ANAKIN,1.70666666666667,2
ANAKIN,1.72,2
ANAKIN,1.76,2
ANAKIN,1.76666666666667,2
ANAKIN,1.77333333333333,2
ANAKIN,1.82,2
ANAKIN,1.82666666666667,2
ANAKIN,1.83333333333333,2
ANAKIN,1.84,2
ANAKIN,1.84666666666667,2
ANAKIN,1.85333333333333,2
ANAKIN,1.86,2
ANAKIN,1.87333333333333,2
ANAKIN,1.88666666666667,2
ANAKIN,1.91333333333333,2
ANAKIN,1.94666666666667,2
ANAKIN,1.95333333333333,2
ANAKIN,1.98666666666667,2
ANAKIN,2.00414937759336,3
ANAKIN,2.01244813278008,3
ANAKIN,2.0207468879668,3
ANAKIN,2.02489626556017,3
ANAKIN,2.03319502074689,3
ANAKIN,2.03734439834025,3
ANAKIN,2.04564315352697,3
ANAKIN,2.04979253112033,3
ANAKIN,2.05394190871369,3
ANAKIN,2.06224066390041,3
ANAKIN,2.07883817427386,3
ANAKIN,2.08298755186722,3
ANAKIN,2.09128630705394,3
ANAKIN,2.09958506224066,3
ANAKIN,2.10788381742739,3
ANAKIN,2.11618257261411,3
ANAKIN,2.14107883817427,3
ANAKIN,2.149377593361,3
ANAKIN,2.15767634854772,3
ANAKIN,2.16182572614108,3
ANAKIN,2.17427385892116,3
ANAKIN,2.18672199170125,3
ANAKIN,2.20746887966805,3
ANAKIN,2.21576763485477,3
ANAKIN,2.21991701244813,3
ANAKIN,2.22406639004149,3
ANAKIN,2.23236514522822,3
ANAKIN,2.23651452282158,3
ANAKIN,2.24066390041494,3
ANAKIN,2.2448132780083,3
ANAKIN,2.25311203319502,3
ANAKIN,2.25726141078838,3
ANAKIN,2.26141078838174,3
ANAKIN,2.27800829875519,3
ANAKIN,2.28630705394191,3
ANAKIN,2.29045643153527,3
ANAKIN,2.30290456431535,3
ANAKIN,2.30705394190871,3
ANAKIN,2.31120331950207,3
ANAKIN,2.31535269709544,3
ANAKIN,2.3195020746888,3
ANAKIN,2.32365145228216,3
ANAKIN,2.32780082987552,3
ANAKIN,2.33195020746888,3
ANAKIN,2.3402489626556,3
ANAKIN,2.34439834024896,3
ANAKIN,2.34854771784232,3
ANAKIN,2.35684647302905,3
ANAKIN,2.36099585062241,3
ANAKIN,2.36514522821577,3
ANAKIN,2.37344398340249,3
ANAKIN,2.39004149377593,3
ANAKIN,2.39834024896266,3
ANAKIN,2.40663900414938,3
ANAKIN,2.4149377593361,3
ANAKIN,2.41908713692946,3
ANAKIN,2.42738589211618,3
ANAKIN,2.48132780082988,3
ANAKIN,2.48547717842324,3
ANAKIN,2.4896265560166,3
ANAKIN,2.51452282157676,3
ANAKIN,2.51867219917012,3
ANAKIN,2.53112033195021,3
ANAKIN,2.53941908713693,3
ANAKIN,2.54356846473029,3
ANAKIN,2.59751037344398,3
ANAKIN,2.60165975103734,3
ANAKIN,2.60580912863071,3
ANAKIN,2.67219917012448,3
ANAKIN,2.70124481327801,3
ANAKIN,2.70539419087137,3
ANAKIN,2.70954356846473,3
ANAKIN,2.71369294605809,3
ANAKIN,2.73858921161826,3
ANAKIN,2.74688796680498,3
ANAKIN,2.7551867219917,3
ANAKIN,2.75933609958506,3
ANAKIN,2.76763485477178,3
ANAKIN,2.77593360995851,3
ANAKIN,2.78423236514523,3
ANAKIN,2.78838174273859,3
ANAKIN,2.80082987551867,3
ANAKIN,2.80497925311203,3
ANAKIN,2.80912863070539,3
ANAKIN,2.81742738589212,3
ANAKIN,2.8298755186722,3
ANAKIN,2.83817427385892,3
ANAKIN,2.84647302904564,3
ANAKIN,2.850622406639,3
ANAKIN,2.85477178423237,3
ANAKIN,2.86721991701245,3
ANAKIN,2.87966804979253,3
ANAKIN,2.88796680497925,3
ANAKIN,2.89211618257261,3
ANAKIN,2.90041493775934,3
ANAKIN,2.9045643153527,3
ANAKIN,2.91286307053942,3
ANAKIN,2.91701244813278,3
ANAKIN,2.9253112033195,3
ANAKIN,2.93360995850622,3
ANAKIN,2.94190871369295,3
ANAKIN,2.95435684647303,3
ANAKIN,2.95850622406639,3
ANAKIN,2.96680497925311,3
ANAKIN,5.35294117647059,6
ANAKIN,5.55147058823529,6
ANAKIN,5.93382352941176,6
ANAKIN,5.98529411764706,6
ANAKIN,5.99264705882353,6
WATTO,0.278688524590164,1
WATTO,0.284153005464481,1
WATTO,0.289617486338798,1
WATTO,0.344262295081967,1
WATTO,0.349726775956284,1
WATTO,0.355191256830601,1
WATTO,0.360655737704918,1
WATTO,0.404371584699454,1
WATTO,0.415300546448087,1
WATTO,0.497267759562842,1
WATTO,0.508196721311475,1
WATTO,0.524590163934426,1
WATTO,0.551912568306011,1
WATTO,0.573770491803279,1
WATTO,0.617486338797814,1
WATTO,1.52,2
SEBULBA,0.300546448087432,1
SEBULBA,0.360655737704918,1
SEBULBA,0.415300546448087,1
SEBULBA,0.431693989071038,1
SEBULBA,0.442622950819672,1
SEBULBA,0.448087431693989,1
SEBULBA,0.480874316939891,1
SEBULBA,0.491803278688525,1
SEBULBA,0.497267759562842,1
SEBULBA,0.508196721311475,1
JIRA,0.311475409836066,1
JIRA,0.573770491803279,1
C-3PO,0.322404371584699,1
C-3PO,0.327868852459016,1
C-3PO,0.415300546448087,1
C-3PO,0.502732240437158,1
C-3PO,0.557377049180328,1
C-3PO,1.57333333333333,2
C-3PO,1.58,2
C-3PO,1.66,2
C-3PO,1.75333333333333,2
C-3PO,1.76,2
C-3PO,1.76666666666667,2
C-3PO,1.77333333333333,2
C-3PO,1.82,2
C-3PO,1.86666666666667,2
C-3PO,1.88,2
C-3PO,1.93333333333333,2
C-3PO,1.98666666666667,2
C-3PO,2.28630705394191,3
C-3PO,2.29045643153527,3
C-3PO,2.36099585062241,3
C-3PO,2.39419087136929,3
C-3PO,2.51867219917012,3
C-3PO,2.60580912863071,3
C-3PO,2.66804979253112,3
C-3PO,2.67219917012448,3
C-3PO,2.77593360995851,3
C-3PO,2.79253112033195,3
C-3PO,2.79668049792531,3
C-3PO,2.82157676348548,3
C-3PO,2.88381742738589,3
C-3PO,2.89626556016598,3
C-3PO,2.90041493775934,3
C-3PO,2.92946058091286,3
C-3PO,2.93775933609959,3
C-3PO,2.94605809128631,3
C-3PO,2.97095435684647,3
C-3PO,3.00205338809035,4
C-3PO,3.00616016427105,4
C-3PO,3.01437371663244,4
C-3PO,3.02053388090349,4
C-3PO,3.02464065708419,4
C-3PO,3.03696098562628,4
C-3PO,3.03901437371663,4
C-3PO,3.04928131416838,4
C-3PO,3.05338809034908,4
C-3PO,3.05749486652977,4
C-3PO,3.05954825462012,4
C-3PO,3.06160164271047,4
C-3PO,3.06776180698152,4
C-3PO,3.06981519507187,4
C-3PO,3.07597535934292,4
C-3PO,3.07802874743326,4
C-3PO,3.08418891170431,4
C-3PO,3.08624229979466,4
C-3PO,3.08829568788501,4
C-3PO,3.09034907597536,4
C-3PO,3.09240246406571,4
C-3PO,3.09856262833676,4
C-3PO,3.11088295687885,4
C-3PO,3.11498973305955,4
C-3PO,3.1170431211499,4
C-3PO,3.11909650924025,4
C-3PO,3.13141683778234,4
C-3PO,3.14373716632444,4
C-3PO,3.14989733059548,4
C-3PO,3.17659137577002,4
C-3PO,3.21560574948665,4
C-3PO,3.21971252566735,4
C-3PO,3.23819301848049,4
C-3PO,3.24024640657084,4
C-3PO,3.24435318275154,4
C-3PO,3.24640657084189,4
C-3PO,3.24845995893224,4
C-3PO,3.25051334702259,4
C-3PO,3.25462012320329,4
C-3PO,3.25872689938398,4
C-3PO,3.26078028747433,4
C-3PO,3.26283367556468,4
C-3PO,3.26694045174538,4
C-3PO,3.27926078028747,4
C-3PO,3.29158110882957,4
C-3PO,3.30184804928131,4
C-3PO,3.3388090349076,4
C-3PO,3.35523613963039,4
C-3PO,3.39630390143737,4
C-3PO,3.42710472279261,4
C-3PO,3.42915811088296,4
C-3PO,3.43326488706365,4
C-3PO,3.48459958932238,4
C-3PO,3.5605749486653,4
C-3PO,3.59958932238193,4
C-3PO,3.62833675564682,4
C-3PO,3.79260780287474,4
C-3PO,3.8829568788501,4
C-3PO,3.92813141683778,4
C-3PO,3.9958932238193,4
C-3PO,3.99794661190965,4
C-3PO,4.02857142857143,5
C-3PO,4.03214285714286,5
C-3PO,4.05,5
C-3PO,4.05714285714286,5
C-3PO,4.08571428571429,5
C-3PO,4.08928571428571,5
C-3PO,4.30357142857143,5
C-3PO,4.35,5
C-3PO,4.37857142857143,5
C-3PO,4.38571428571429,5
C-3PO,4.38928571428571,5
C-3PO,4.4,5
C-3PO,4.43571428571429,5
C-3PO,4.45,5
C-3PO,4.46428571428571,5
C-3PO,4.47857142857143,5
C-3PO,4.48571428571429,5
C-3PO,4.525,5
C-3PO,4.53214285714286,5
C-3PO,4.56428571428571,5
C-3PO,4.56785714285714,5
C-3PO,4.57142857142857,5
C-3PO,4.575,5
C-3PO,4.61071428571429,5
C-3PO,4.61785714285714,5
C-3PO,4.64285714285714,5
C-3PO,4.66428571428571,5
C-3PO,4.67857142857143,5
C-3PO,4.69285714285714,5
C-3PO,4.69642857142857,5
C-3PO,4.7,5
C-3PO,4.70357142857143,5
C-3PO,4.70714285714286,5
C-3PO,4.71785714285714,5
C-3PO,4.72142857142857,5
C-3PO,4.725,5
C-3PO,4.73928571428571,5
C-3PO,4.74285714285714,5
C-3PO,4.75357142857143,5
C-3PO,4.76785714285714,5
C-3PO,4.77142857142857,5
C-3PO,4.78928571428571,5
C-3PO,4.79642857142857,5
C-3PO,4.8,5
C-3PO,4.81428571428571,5
C-3PO,4.81785714285714,5
C-3PO,4.82142857142857,5
C-3PO,4.825,5
C-3PO,4.91428571428571,5
C-3PO,4.95714285714286,5
C-3PO,4.96428571428571,5
C-3PO,4.98214285714286,5
C-3PO,4.98928571428571,5
C-3PO,5.02941176470588,6
C-3PO,5.03676470588235,6
C-3PO,5.04411764705882,6
C-3PO,5.05147058823529,6
C-3PO,5.05882352941176,6
C-3PO,5.06617647058824,6
C-3PO,5.07352941176471,6
C-3PO,5.09558823529412,6
C-3PO,5.11764705882353,6
C-3PO,5.125,6
C-3PO,5.13970588235294,6
C-3PO,5.15441176470588,6
C-3PO,5.16911764705882,6
C-3PO,5.17647058823529,6
C-3PO,5.26470588235294,6
C-3PO,5.27205882352941,6
C-3PO,5.28676470588235,6
C-3PO,5.30147058823529,6
C-3PO,5.36764705882353,6
C-3PO,5.375,6
C-3PO,5.38235294117647,6
C-3PO,5.44117647058824,6
C-3PO,5.46323529411765,6
C-3PO,5.49264705882353,6
C-3PO,5.5,6
C-3PO,5.50735294117647,6
C-3PO,5.52205882352941,6
C-3PO,5.52941176470588,6
C-3PO,5.55882352941176,6
C-3PO,5.58823529411765,6
C-3PO,5.61764705882353,6
C-3PO,5.64705882352941,6
C-3PO,5.70588235294118,6
C-3PO,5.79411764705882,6
C-3PO,5.83088235294118,6
C-3PO,5.97794117647059,6
C-3PO,6.61567164179105,7
C-3PO,6.63805970149254,7
C-3PO,6.64179104477612,7
C-3PO,6.68283582089552,7
C-3PO,6.76119402985075,7
C-3PO,6.83582089552239,7
C-3PO,6.95522388059702,7
C-3PO,6.9589552238806,7
C-3PO,6.96268656716418,7
C-3PO,6.97761194029851,7
SHMI,0.322404371584699,1
SHMI,0.349726775956284,1
SHMI,0.371584699453552,1
SHMI,0.382513661202186,1
SHMI,0.387978142076503,1
SHMI,0.415300546448087,1
SHMI,0.448087431693989,1
SHMI,0.459016393442623,1
SHMI,0.475409836065574,1
SHMI,0.486338797814208,1
SHMI,0.497267759562842,1
SHMI,0.508196721311475,1
SHMI,0.53551912568306,1
SHMI,0.551912568306011,1
SHMI,0.562841530054645,1
SHMI,1.52,2
SHMI,1.58,2
SHMI,1.70666666666667,2
DARTH MAUL,0.344262295081967,1
DARTH MAUL,0.39344262295082,1
DARTH MAUL,0.420765027322404,1
DARTH MAUL,0.519125683060109,1
DARTH MAUL,0.568306010928962,1
DARTH MAUL,0.579234972677596,1
DARTH MAUL,0.595628415300546,1
DARTH MAUL,0.73224043715847,1
DARTH MAUL,0.792349726775956,1
DARTH MAUL,0.80327868852459,1
DARTH MAUL,0.819672131147541,1
DARTH MAUL,0.841530054644809,1
DARTH MAUL,0.868852459016393,1
DARTH MAUL,0.901639344262295,1
DARTH MAUL,0.907103825136612,1
DARTH MAUL,0.923497267759563,1
DARTH MAUL,0.939890710382514,1
KITSTER,0.377049180327869,1
KITSTER,0.404371584699454,1
KITSTER,0.415300546448087,1
KITSTER,0.448087431693989,1
KITSTER,0.486338797814208,1
KITSTER,0.497267759562842,1
KITSTER,0.502732240437158,1
KITSTER,0.508196721311475,1
KITSTER,0.546448087431694,1
KITSTER,0.562841530054645,1
WALD,0.377049180327869,1
WALD,0.546448087431694,1
GREEDO,0.377049180327869,1
GREEDO,0.546448087431694,1
GREEDO,3.12525667351129,4
GREEDO,3.13552361396304,4
FODE/BEED,0.426229508196721,1
FODE/BEED,0.431693989071038,1
FODE/BEED,0.442622950819672,1
FODE/BEED,0.453551912568306,1
FODE/BEED,0.46448087431694,1
FODE/BEED,0.475409836065574,1
FODE/BEED,0.480874316939891,1
FODE/BEED,0.497267759562842,1
FODE/BEED,0.508196721311475,1
FODE/BEED,0.513661202185792,1
JABBA,0.442622950819672,1
JABBA,0.448087431693989,1
JABBA,0.469945355191257,1
JABBA,0.486338797814208,1
JABBA,3.12525667351129,4
JABBA,3.13552361396304,4
JABBA,4.02142857142857,5
JABBA,4.75,5
JABBA,4.97857142857143,5
JABBA,5,6
JABBA,5.02941176470588,6
JABBA,5.03676470588235,6
JABBA,5.04411764705882,6
JABBA,5.05147058823529,6
JABBA,5.05882352941176,6
JABBA,5.07352941176471,6
JABBA,5.09558823529412,6
JABBA,5.11029411764706,6
JABBA,5.11764705882353,6
JABBA,5.125,6
JABBA,5.13970588235294,6
JABBA,5.14705882352941,6
JABBA,5.15441176470588,6
JABBA,5.16911764705882,6
JABBA,5.17647058823529,6
JABBA,5.18382352941176,6
JABBA,5.19117647058824,6
JABBA,5.21323529411765,6
JABBA,5.24264705882353,6
MACE WINDU,0.688524590163934,1
MACE WINDU,0.710382513661202,1
MACE WINDU,0.721311475409836,1
MACE WINDU,0.989071038251366,1
MACE WINDU,1.04,2
MACE WINDU,1.07333333333333,2
MACE WINDU,1.16666666666667,2
MACE WINDU,1.33333333333333,2
MACE WINDU,1.46,2
MACE WINDU,1.74,2
MACE WINDU,1.77333333333333,2
MACE WINDU,1.79333333333333,2
MACE WINDU,1.87333333333333,2
MACE WINDU,1.88666666666667,2
MACE WINDU,1.91333333333333,2
MACE WINDU,1.92666666666667,2
MACE WINDU,1.98,2
MACE WINDU,2.28630705394191,3
MACE WINDU,2.34439834024896,3
MACE WINDU,2.35684647302905,3
MACE WINDU,2.37344398340249,3
MACE WINDU,2.48547717842324,3
MACE WINDU,2.51452282157676,3
MACE WINDU,2.52282157676349,3
MACE WINDU,2.53112033195021,3
MACE WINDU,2.67219917012448,3
KI-ADI-MUNDI,0.688524590163934,1
KI-ADI-MUNDI,0.710382513661202,1
KI-ADI-MUNDI,0.721311475409836,1
KI-ADI-MUNDI,1.04,2
KI-ADI-MUNDI,1.74,2
KI-ADI-MUNDI,1.89333333333333,2
KI-ADI-MUNDI,1.9,2
KI-ADI-MUNDI,1.90666666666667,2
KI-ADI-MUNDI,1.91333333333333,2
KI-ADI-MUNDI,1.98,2
KI-ADI-MUNDI,2.34439834024896,3
KI-ADI-MUNDI,2.37344398340249,3
KI-ADI-MUNDI,2.48547717842324,3
KI-ADI-MUNDI,2.55186721991701,3
BAIL ORGANA,0.699453551912568,1
BAIL ORGANA,0.715846994535519,1
BAIL ORGANA,1.04,2
BAIL ORGANA,1.74,2
BAIL ORGANA,1.99333333333333,2
BAIL ORGANA,2.28630705394191,3
BAIL ORGANA,2.29045643153527,3
BAIL ORGANA,2.33609958506224,3
BAIL ORGANA,2.39419087136929,3
BAIL ORGANA,2.60995850622407,3
BAIL ORGANA,2.61410788381743,3
BAIL ORGANA,2.61825726141079,3
BAIL ORGANA,2.63900414937759,3
BAIL ORGANA,2.64730290456432,3
BAIL ORGANA,2.66390041493776,3
BAIL ORGANA,2.67634854771784,3
BAIL ORGANA,2.6804979253112,3
BAIL ORGANA,2.69294605809129,3
BAIL ORGANA,2.69709543568465,3
BAIL ORGANA,2.73029045643154,3
BAIL ORGANA,2.75103734439834,3
BAIL ORGANA,2.85892116182573,3
BAIL ORGANA,2.87136929460581,3
BAIL ORGANA,2.87551867219917,3
BAIL ORGANA,2.92116182572614,3
BAIL ORGANA,2.92946058091286,3
BAIL ORGANA,2.93775933609959,3
BAIL ORGANA,2.94605809128631,3
BAIL ORGANA,2.96265560165975,3
BAIL ORGANA,2.96680497925311,3
BAIL ORGANA,2.97095435684647,3
BAIL ORGANA,2.99170124481328,3
GENERAL CEEL,0.80327868852459,1
GENERAL CEEL,0.885245901639344,1
GENERAL CEEL,0.92896174863388,1
GENERAL CEEL,0.994535519125683,1
BRAVO TWO,0.846994535519126,1
BRAVO TWO,0.896174863387978,1
BRAVO TWO,0.956284153005464,1
BRAVO TWO,0.972677595628415,1
BRAVO THREE,0.956284153005464,1
BRAVO THREE,0.972677595628415,1
COUNT DOOKU,1,2
COUNT DOOKU,1.04,2
COUNT DOOKU,1.24666666666667,2
COUNT DOOKU,1.26,2
COUNT DOOKU,1.42666666666667,2
COUNT DOOKU,1.74,2
COUNT DOOKU,1.76,2
COUNT DOOKU,1.77333333333333,2
COUNT DOOKU,1.79333333333333,2
COUNT DOOKU,1.83333333333333,2
COUNT DOOKU,1.84,2
COUNT DOOKU,1.84666666666667,2
COUNT DOOKU,1.86,2
COUNT DOOKU,1.87333333333333,2
COUNT DOOKU,1.91333333333333,2
COUNT DOOKU,1.94666666666667,2
COUNT DOOKU,1.95333333333333,2
COUNT DOOKU,1.96,2
COUNT DOOKU,1.96666666666667,2
COUNT DOOKU,2.00414937759336,3
COUNT DOOKU,2.03734439834025,3
COUNT DOOKU,2.04149377593361,3
COUNT DOOKU,2.15767634854772,3
COUNT DOOKU,2.16182572614108,3
COUNT DOOKU,2.25311203319502,3
COUNT DOOKU,2.28630705394191,3
COUNT DOOKU,2.29045643153527,3
COUNT DOOKU,2.29875518672199,3
COUNT DOOKU,2.46058091286307,3
COUNT DOOKU,2.46473029045643,3
COUNT DOOKU,2.77593360995851,3
COUNT DOOKU,2.80497925311203,3
CAPTAIN TYPHO,1.01333333333333,2
CAPTAIN TYPHO,1.02666666666667,2
CAPTAIN TYPHO,1.04,2
CAPTAIN TYPHO,1.06,2
CAPTAIN TYPHO,1.08666666666667,2
CAPTAIN TYPHO,1.12,2
CAPTAIN TYPHO,1.18,2
CAPTAIN TYPHO,2.36099585062241,3
CAPTAIN TYPHO,2.67219917012448,3
CAPTAIN TYPHO,2.73029045643154,3
CAPTAIN TYPHO,2.79253112033195,3
SENATOR ASK AAK,1.02666666666667,2
SENATOR ASK AAK,1.74,2
ORN FREE TAA,1.02666666666667,2
ORN FREE TAA,1.04,2
ORN FREE TAA,1.8,2
RUWEE,1.27333333333333,2
RUWEE,1.28,2
RUWEE,1.29333333333333,2
JOBAL,1.27333333333333,2
JOBAL,1.28666666666667,2
SOLA,1.27333333333333,2
SOLA,1.28666666666667,2
TAUN WE,1.38,2
TAUN WE,1.38666666666667,2
TAUN WE,1.4,2
TAUN WE,1.40666666666667,2
TAUN WE,1.41333333333333,2
TAUN WE,1.43333333333333,2
TAUN WE,1.5,2
TAUN WE,1.50666666666667,2
TAUN WE,1.53333333333333,2
LAMA SU,1.38666666666667,2
LAMA SU,1.4,2
LAMA SU,1.40666666666667,2
LAMA SU,1.41333333333333,2
LAMA SU,1.42,2
LAMA SU,1.42666666666667,2
LAMA SU,1.53333333333333,2
JANGO FETT,1.40666666666667,2
JANGO FETT,1.41333333333333,2
JANGO FETT,1.43333333333333,2
JANGO FETT,1.5,2
JANGO FETT,1.50666666666667,2
JANGO FETT,1.55333333333333,2
JANGO FETT,1.56,2
JANGO FETT,1.60666666666667,2
JANGO FETT,1.61333333333333,2
JANGO FETT,1.62,2
JANGO FETT,1.74,2
JANGO FETT,1.84,2
JANGO FETT,1.86,2
JANGO FETT,1.87333333333333,2
JANGO FETT,1.88666666666667,2
BOBA FETT,1.5,2
BOBA FETT,1.50666666666667,2
BOBA FETT,1.55333333333333,2
BOBA FETT,1.56,2
BOBA FETT,1.61333333333333,2
BOBA FETT,1.62,2
BOBA FETT,1.86,2
BOBA FETT,1.87333333333333,2
BOBA FETT,1.91333333333333,2
BOBA FETT,4.60357142857143,5
BOBA FETT,4.64642857142857,5
BOBA FETT,4.73214285714286,5
BOBA FETT,4.74642857142857,5
BOBA FETT,4.75,5
BOBA FETT,4.76785714285714,5
BOBA FETT,4.77142857142857,5
BOBA FETT,4.79285714285714,5
BOBA FETT,4.8,5
BOBA FETT,5.07352941176471,6
BOBA FETT,5.13970588235294,6
BOBA FETT,5.22794117647059,6
BOBA FETT,5.23529411764706,6
SNAP,1.52,2
SNAP,3.03285420944559,4
SNAP,3.06160164271047,4
SNAP,4.01071428571429,5
SNAP,5.02205882352941,6
SNAP,5.33088235294118,6
SNAP,6.58955223880597,7
SNAP,6.68283582089552,7
SNAP,6.6865671641791,7
SNAP,6.79477611940299,7
SNAP,6.82835820895522,7
SNAP,6.85820895522388,7
SNAP,6.94776119402985,7
BERU,1.58,2
BERU,1.58666666666667,2
BERU,1.59333333333333,2
BERU,1.74666666666667,2
BERU,1.75333333333333,2
BERU,1.76666666666667,2
BERU,2.99585062240664,3
BERU,3.05954825462012,4
BERU,3.06160164271047,4
BERU,3.06365503080082,4
BERU,3.07392197125257,4
BERU,3.10266940451745,4
OWEN,1.58,2
OWEN,1.59333333333333,2
OWEN,1.6,2
OWEN,1.75333333333333,2
OWEN,1.76666666666667,2
OWEN,2.99585062240664,3
OWEN,3.04106776180698,4
OWEN,3.05954825462012,4
OWEN,3.06365503080082,4
OWEN,3.06981519507187,4
OWEN,3.07186858316222,4
OWEN,3.07392197125257,4
OWEN,3.07802874743326,4
OWEN,3.08418891170431,4
OWEN,3.10266940451745,4
OWEN,5.35294117647059,6
CLIEGG,1.58,2
CLIEGG,1.58666666666667,2
CLIEGG,1.59333333333333,2
CLIEGG,1.76666666666667,2
POGGLE,1.84666666666667,2
POGGLE,1.86,2
POGGLE,2.46058091286307,3
POGGLE,2.73858921161826,3
SUN RIT,1.84666666666667,2
SUN RIT,1.86,2
PLO KOON,1.90666666666667,2
PLO KOON,1.98,2
PLO KOON,2.34439834024896,3
PLO KOON,2.37344398340249,3
PLO KOON,2.57261410788382,3
PLO KOON,2.57676348547718,3
GENERAL GRIEVOUS,2.00414937759336,3
GENERAL GRIEVOUS,2.0207468879668,3
GENERAL GRIEVOUS,2.04149377593361,3
GENERAL GRIEVOUS,2.04564315352697,3
GENERAL GRIEVOUS,2.16597510373444,3
GENERAL GRIEVOUS,2.21161825726141,3
GENERAL GRIEVOUS,2.24896265560166,3
GENERAL GRIEVOUS,2.25311203319502,3
GENERAL GRIEVOUS,2.25726141078838,3
GENERAL GRIEVOUS,2.2655601659751,3
GENERAL GRIEVOUS,2.26970954356846,3
GENERAL GRIEVOUS,2.28630705394191,3
GENERAL GRIEVOUS,2.29045643153527,3
GENERAL GRIEVOUS,2.29460580912863,3
GENERAL GRIEVOUS,2.29875518672199,3
GENERAL GRIEVOUS,2.34439834024896,3
GENERAL GRIEVOUS,2.36514522821577,3
GENERAL GRIEVOUS,2.37344398340249,3
GENERAL GRIEVOUS,2.4356846473029,3
GENERAL GRIEVOUS,2.43983402489627,3
GENERAL GRIEVOUS,2.46058091286307,3
GENERAL GRIEVOUS,2.46473029045643,3
GENERAL GRIEVOUS,2.46887966804979,3
GENERAL GRIEVOUS,2.48547717842324,3
GENERAL GRIEVOUS,2.4896265560166,3
GENERAL GRIEVOUS,2.49377593360996,3
GENERAL GRIEVOUS,2.49792531120332,3
GENERAL GRIEVOUS,2.50207468879668,3
GENERAL GRIEVOUS,2.50622406639004,3
GENERAL GRIEVOUS,2.5103734439834,3
GENERAL GRIEVOUS,2.51452282157676,3
GENERAL GRIEVOUS,2.53112033195021,3
GENERAL GRIEVOUS,2.65560165975104,3
GENERAL GRIEVOUS,2.6597510373444,3
RED LEADER,2.02489626556017,3
RED LEADER,2.03319502074689,3
RED LEADER,3.42915811088296,4
RED LEADER,3.4394250513347,4
RED LEADER,3.45379876796715,4
RED LEADER,3.45995893223819,4
RED LEADER,3.46201232032854,4
RED LEADER,3.46406570841889,4
RED LEADER,3.46817248459959,4
RED LEADER,3.47022587268994,4
RED LEADER,3.47433264887064,4
RED LEADER,3.47638603696099,4
RED LEADER,3.48459958932238,4
RED LEADER,3.51334702258727,4
RED LEADER,3.51540041067762,4
RED LEADER,3.53593429158111,4
RED LEADER,3.54209445585216,4
RED LEADER,3.57494866529774,4
RED LEADER,3.57700205338809,4
RED LEADER,3.59958932238193,4
RED LEADER,3.60574948665298,4
RED LEADER,3.6735112936345,4
RED LEADER,3.6776180698152,4
RED LEADER,3.68788501026694,4
RED LEADER,3.68993839835729,4
RED LEADER,3.69199178644764,4
RED LEADER,3.69404517453799,4
RED LEADER,3.70020533880904,4
RED LEADER,3.70225872689938,4
RED LEADER,3.70431211498973,4
RED LEADER,3.71457905544148,4
RED LEADER,3.72689938398357,4
RED LEADER,3.72895277207392,4
RED LEADER,3.73100616016427,4
RED LEADER,3.73716632443532,4
RED LEADER,3.74743326488706,4
RED LEADER,3.75975359342916,4
RED LEADER,3.76180698151951,4
RED LEADER,3.76591375770021,4
RED LEADER,3.76796714579055,4
RED LEADER,3.7700205338809,4
RED LEADER,3.7741273100616,4
RED LEADER,3.77618069815195,4
RED LEADER,3.7782340862423,4
RED LEADER,3.78028747433265,4
RED LEADER,3.78439425051335,4
RED LEADER,3.7864476386037,4
RED LEADER,3.79260780287474,4
RED LEADER,5.66176470588235,6
RED LEADER,5.67647058823529,6
ODD BALL,2.02489626556017,3
ODD BALL,2.02904564315353,3
ODD BALL,2.03319502074689,3
MON MOTHMA,2.33609958506224,3
MON MOTHMA,2.39419087136929,3
MON MOTHMA,5.36764705882353,6
FANG ZAR,2.33609958506224,3
FANG ZAR,2.39419087136929,3
FANG ZAR,2.48132780082988,3
GIDDEAN DANU,2.33609958506224,3
GIDDEAN DANU,2.39419087136929,3
CLONE COMMANDER GREE,2.37759336099585,3
CLONE COMMANDER GREE,2.5850622406639,3
CLONE COMMANDER GREE,2.58921161825726,3
CLONE COMMANDER CODY,2.40663900414938,3
CLONE COMMANDER CODY,2.48547717842324,3
CLONE COMMANDER CODY,2.54771784232365,3
TION MEDON,2.4356846473029,3
TION MEDON,2.43983402489627,3
DARTH VADER,2.53112033195021,3
DARTH VADER,2.53941908713693,3
DARTH VADER,2.68879668049793,3
DARTH VADER,2.71369294605809,3
DARTH VADER,2.76763485477178,3
DARTH VADER,2.80082987551867,3
DARTH VADER,2.80497925311203,3
DARTH VADER,2.82572614107884,3
DARTH VADER,2.86307053941909,3
DARTH VADER,2.95020746887967,3
DARTH VADER,2.95850622406639,3
DARTH VADER,2.98340248962656,3
DARTH VADER,3.01026694045175,4
DARTH VADER,3.01642710472279,4
DARTH VADER,3.01848049281314,4
DARTH VADER,3.03285420944559,4
DARTH VADER,3.09240246406571,4
DARTH VADER,3.09650924024641,4
DARTH VADER,3.10677618069815,4
DARTH VADER,3.12936344969199,4
DARTH VADER,3.17248459958932,4
DARTH VADER,3.17453798767967,4
DARTH VADER,3.17864476386037,4
DARTH VADER,3.20739219712526,4
DARTH VADER,3.20944558521561,4
DARTH VADER,3.23408624229979,4
DARTH VADER,3.23613963039014,4
DARTH VADER,3.28952772073922,4
DARTH VADER,3.29568788501027,4
DARTH VADER,3.29979466119097,4
DARTH VADER,3.30390143737166,4
DARTH VADER,3.40041067761807,4
DARTH VADER,3.41683778234086,4
DARTH VADER,3.42505133470226,4
DARTH VADER,3.50924024640657,4
DARTH VADER,3.55852156057495,4
DARTH VADER,3.60985626283368,4
DARTH VADER,3.64065708418891,4
DARTH VADER,3.64271047227926,4
DARTH VADER,3.64681724845996,4
DARTH VADER,3.66735112936345,4
DARTH VADER,3.6694045174538,4
DARTH VADER,3.72484599589322,4
DARTH VADER,3.73305954825462,4
DARTH VADER,3.73921971252567,4
DARTH VADER,3.74127310061602,4
DARTH VADER,3.74332648870637,4
DARTH VADER,3.74537987679671,4
DARTH VADER,3.75154004106776,4
DARTH VADER,3.75359342915811,4
DARTH VADER,3.75564681724846,4
DARTH VADER,3.7700205338809,4
DARTH VADER,3.77207392197125,4
DARTH VADER,3.782340862423,4
DARTH VADER,3.7864476386037,4
DARTH VADER,3.82956878850103,4
DARTH VADER,3.83162217659138,4
DARTH VADER,3.84188911704312,4
DARTH VADER,3.85626283367556,4
DARTH VADER,3.86242299794661,4
DARTH VADER,3.86652977412731,4
DARTH VADER,3.8788501026694,4
DARTH VADER,3.88911704312115,4
DARTH VADER,3.90349075975359,4
DARTH VADER,3.90554414784394,4
DARTH VADER,3.91786447638604,4
DARTH VADER,3.91991786447639,4
DARTH VADER,3.92197125256674,4
DARTH VADER,3.93634496919918,4
DARTH VADER,3.94045174537988,4
DARTH VADER,3.94250513347023,4
DARTH VADER,3.94455852156058,4
DARTH VADER,3.94661190965092,4
DARTH VADER,3.94866529774127,4
DARTH VADER,3.95687885010267,4
DARTH VADER,3.95893223819302,4
DARTH VADER,3.96098562628337,4
DARTH VADER,3.9917864476386,4
DARTH VADER,4.1,5
DARTH VADER,4.10357142857143,5
DARTH VADER,4.125,5
DARTH VADER,4.23571428571429,5
DARTH VADER,4.38214285714286,5
DARTH VADER,4.39285714285714,5
DARTH VADER,4.41785714285714,5
DARTH VADER,4.51785714285714,5
DARTH VADER,4.53928571428571,5
DARTH VADER,4.54285714285714,5
DARTH VADER,4.54642857142857,5
DARTH VADER,4.55714285714286,5
DARTH VADER,4.58928571428571,5
DARTH VADER,4.59285714285714,5
DARTH VADER,4.6,5
DARTH VADER,4.60357142857143,5
DARTH VADER,4.625,5
DARTH VADER,4.63214285714286,5
DARTH VADER,4.63571428571429,5
DARTH VADER,4.63928571428571,5
DARTH VADER,4.71071428571429,5
DARTH VADER,4.73214285714286,5
DARTH VADER,4.74642857142857,5
DARTH VADER,4.75,5
DARTH VADER,4.75357142857143,5
DARTH VADER,4.75714285714286,5
DARTH VADER,4.76785714285714,5
DARTH VADER,4.78571428571429,5
DARTH VADER,4.80357142857143,5
DARTH VADER,4.80714285714286,5
DARTH VADER,4.83571428571429,5
DARTH VADER,4.83928571428571,5
DARTH VADER,4.85,5
DARTH VADER,4.85714285714286,5
DARTH VADER,4.90714285714286,5
DARTH VADER,4.91071428571429,5
DARTH VADER,4.92142857142857,5
DARTH VADER,4.925,5
DARTH VADER,4.92857142857143,5
DARTH VADER,4.94285714285714,5
DARTH VADER,4.94642857142857,5
DARTH VADER,4.97142857142857,5
DARTH VADER,5.01470588235294,6
DARTH VADER,5.02205882352941,6
DARTH VADER,5.32352941176471,6
DARTH VADER,5.33088235294118,6
DARTH VADER,5.34558823529412,6
DARTH VADER,5.35294117647059,6
DARTH VADER,5.39705882352941,6
DARTH VADER,5.41176470588235,6
DARTH VADER,5.41911764705882,6
DARTH VADER,5.47794117647059,6
DARTH VADER,5.48529411764706,6
DARTH VADER,5.52941176470588,6
DARTH VADER,5.53676470588235,6
DARTH VADER,5.55147058823529,6
DARTH VADER,5.63970588235294,6
DARTH VADER,5.69852941176471,6
DARTH VADER,5.74264705882353,6
DARTH VADER,5.81617647058824,6
DARTH VADER,5.83823529411765,6
DARTH VADER,5.875,6
DARTH VADER,5.89705882352941,6
DARTH VADER,5.93382352941176,6
DARTH VADER,5.98529411764706,6
DARTH VADER,6.50373134328358,7
DARTH VADER,6.6455223880597,7
DARTH VADER,6.64925373134328,7
CHEWBACCA,2.58921161825726,3
CHEWBACCA,2.63070539419087,3
CHEWBACCA,2.63485477178423,3
CHEWBACCA,3.1170431211499,4
CHEWBACCA,3.1211498973306,4
CHEWBACCA,3.13552361396304,4
CHEWBACCA,3.13757700205339,4
CHEWBACCA,3.13963039014374,4
CHEWBACCA,3.14168377823409,4
CHEWBACCA,3.14989733059548,4
CHEWBACCA,3.15400410677618,4
CHEWBACCA,3.16221765913758,4
CHEWBACCA,3.17659137577002,4
CHEWBACCA,3.18275154004107,4
CHEWBACCA,3.18685831622177,4
CHEWBACCA,3.19096509240246,4
CHEWBACCA,3.19507186858316,4
CHEWBACCA,3.21149897330595,4
CHEWBACCA,3.21560574948665,4
CHEWBACCA,3.22381930184805,4
CHEWBACCA,3.23819301848049,4
CHEWBACCA,3.24229979466119,4
CHEWBACCA,3.24435318275154,4
CHEWBACCA,3.24845995893224,4
CHEWBACCA,3.26899383983573,4
CHEWBACCA,3.27515400410678,4
CHEWBACCA,3.27926078028747,4
CHEWBACCA,3.28336755646817,4
CHEWBACCA,3.29363449691992,4
CHEWBACCA,3.29774127310062,4
CHEWBACCA,3.29979466119097,4
CHEWBACCA,3.30390143737166,4
CHEWBACCA,3.30595482546201,4
CHEWBACCA,3.31211498973306,4
CHEWBACCA,3.32443531827515,4
CHEWBACCA,3.3305954825462,4
CHEWBACCA,3.35728952772074,4
CHEWBACCA,3.38193018480493,4
CHEWBACCA,3.39425051334702,4
CHEWBACCA,3.40246406570842,4
CHEWBACCA,3.42094455852156,4
CHEWBACCA,3.42710472279261,4
CHEWBACCA,3.95071868583162,4
CHEWBACCA,3.99794661190965,4
CHEWBACCA,4.01785714285714,5
CHEWBACCA,4.03214285714286,5
CHEWBACCA,4.05714285714286,5
CHEWBACCA,4.08571428571429,5
CHEWBACCA,4.08928571428571,5
CHEWBACCA,4.09285714285714,5
CHEWBACCA,4.11071428571429,5
CHEWBACCA,4.11785714285714,5
CHEWBACCA,4.30357142857143,5
CHEWBACCA,4.38928571428571,5
CHEWBACCA,4.4,5
CHEWBACCA,4.41428571428571,5
CHEWBACCA,4.43571428571429,5
CHEWBACCA,4.45,5
CHEWBACCA,4.46071428571429,5
CHEWBACCA,4.46428571428571,5
CHEWBACCA,4.47857142857143,5
CHEWBACCA,4.525,5
CHEWBACCA,4.53214285714286,5
CHEWBACCA,4.56428571428571,5
CHEWBACCA,4.56785714285714,5
CHEWBACCA,4.57142857142857,5
CHEWBACCA,4.575,5
CHEWBACCA,4.61071428571429,5
CHEWBACCA,4.61785714285714,5
CHEWBACCA,4.64285714285714,5
CHEWBACCA,4.66071428571429,5
CHEWBACCA,4.66428571428571,5
CHEWBACCA,4.66785714285714,5
CHEWBACCA,4.67857142857143,5
CHEWBACCA,4.68571428571429,5
CHEWBACCA,4.69642857142857,5
CHEWBACCA,4.70714285714286,5
CHEWBACCA,4.72142857142857,5
CHEWBACCA,4.725,5
CHEWBACCA,4.72857142857143,5
CHEWBACCA,4.74285714285714,5
CHEWBACCA,4.75357142857143,5
CHEWBACCA,4.76785714285714,5
CHEWBACCA,4.77142857142857,5
CHEWBACCA,4.78928571428571,5
CHEWBACCA,4.79642857142857,5
CHEWBACCA,4.8,5
CHEWBACCA,4.81428571428571,5
CHEWBACCA,4.81785714285714,5
CHEWBACCA,4.82142857142857,5
CHEWBACCA,4.82857142857143,5
CHEWBACCA,4.85,5
CHEWBACCA,4.86785714285714,5
CHEWBACCA,4.875,5
CHEWBACCA,4.88571428571429,5
CHEWBACCA,4.89285714285714,5
CHEWBACCA,4.90357142857143,5
CHEWBACCA,4.91428571428571,5
CHEWBACCA,4.93571428571429,5
CHEWBACCA,4.95714285714286,5
CHEWBACCA,4.96428571428571,5
CHEWBACCA,4.97857142857143,5
CHEWBACCA,4.98928571428571,5
CHEWBACCA,5.02941176470588,6
CHEWBACCA,5.07352941176471,6
CHEWBACCA,5.08088235294118,6
CHEWBACCA,5.10294117647059,6
CHEWBACCA,5.13970588235294,6
CHEWBACCA,5.14705882352941,6
CHEWBACCA,5.17647058823529,6
CHEWBACCA,5.22058823529412,6
CHEWBACCA,5.23529411764706,6
CHEWBACCA,5.25,6
CHEWBACCA,5.25735294117647,6
CHEWBACCA,5.27941176470588,6
CHEWBACCA,5.30147058823529,6
CHEWBACCA,5.36764705882353,6
CHEWBACCA,5.375,6
CHEWBACCA,5.38235294117647,6
CHEWBACCA,5.41176470588235,6
CHEWBACCA,5.42647058823529,6
CHEWBACCA,5.44117647058824,6
CHEWBACCA,5.44852941176471,6
CHEWBACCA,5.46323529411765,6
CHEWBACCA,5.49264705882353,6
CHEWBACCA,5.5,6
CHEWBACCA,5.50735294117647,6
CHEWBACCA,5.52205882352941,6
CHEWBACCA,5.52941176470588,6
CHEWBACCA,5.55882352941176,6
CHEWBACCA,5.58823529411765,6
CHEWBACCA,5.60294117647059,6
CHEWBACCA,5.61764705882353,6
CHEWBACCA,5.64705882352941,6
CHEWBACCA,5.70588235294118,6
CHEWBACCA,5.82352941176471,6
CHEWBACCA,5.83088235294118,6
CHEWBACCA,5.86029411764706,6
CHEWBACCA,5.86764705882353,6
CHEWBACCA,5.97794117647059,6
CHEWBACCA,5.99264705882353,6
CHEWBACCA,6.35820895522388,7
CHEWBACCA,6.36567164179105,7
CHEWBACCA,6.37313432835821,7
CHEWBACCA,6.37686567164179,7
CHEWBACCA,6.38432835820895,7
CHEWBACCA,6.38805970149254,7
CHEWBACCA,6.40671641791045,7
CHEWBACCA,6.41044776119403,7
CHEWBACCA,6.41417910447761,7
CHEWBACCA,6.41791044776119,7
CHEWBACCA,6.44776119402985,7
CHEWBACCA,6.45149253731343,7
CHEWBACCA,6.45522388059702,7
CHEWBACCA,6.4589552238806,7
CHEWBACCA,6.46641791044776,7
CHEWBACCA,6.48880597014925,7
CHEWBACCA,6.49253731343284,7
CHEWBACCA,6.49626865671642,7
CHEWBACCA,6.55970149253731,7
CHEWBACCA,6.56716417910448,7
CHEWBACCA,6.58582089552239,7
CHEWBACCA,6.58955223880597,7
CHEWBACCA,6.6044776119403,7
CHEWBACCA,6.61194029850746,7
CHEWBACCA,6.61567164179105,7
CHEWBACCA,6.63432835820895,7
CHEWBACCA,6.69029850746269,7
CHEWBACCA,6.70522388059702,7
CHEWBACCA,6.71268656716418,7
CHEWBACCA,6.72014925373134,7
CHEWBACCA,6.73134328358209,7
CHEWBACCA,6.73880597014925,7
CHEWBACCA,6.74253731343284,7
CHEWBACCA,6.75746268656716,7
CHEWBACCA,6.81716417910448,7
CHEWBACCA,6.82462686567164,7
CHEWBACCA,6.83208955223881,7
CHEWBACCA,6.83955223880597,7
CHEWBACCA,6.84701492537313,7
CHEWBACCA,6.85074626865672,7
CHEWBACCA,6.8544776119403,7
CHEWBACCA,6.86567164179105,7
CHEWBACCA,6.87313432835821,7
CHEWBACCA,6.87686567164179,7
CHEWBACCA,6.88805970149254,7
CHEWBACCA,6.89925373134328,7
CHEWBACCA,6.93283582089552,7
CHEWBACCA,6.9365671641791,7
CHEWBACCA,6.94029850746269,7
CHEWBACCA,6.94402985074627,7
CHEWBACCA,6.95522388059702,7
CHEWBACCA,6.9589552238806,7
CHEWBACCA,6.97014925373134,7
CHEWBACCA,6.97388059701493,7
CHEWBACCA,6.98880597014925,7
CAPTAIN ANTILLES,2.64730290456432,3
CAPTAIN ANTILLES,2.97095435684647,3
CAPTAIN ANTILLES,3.06160164271047,4
LUKE,2.94605809128631,3
LUKE,3.0082135523614,4
LUKE,3.02669404517454,4
LUKE,3.02874743326489,4
LUKE,3.03080082135524,4
LUKE,3.04106776180698,4
LUKE,3.05954825462012,4
LUKE,3.06160164271047,4
LUKE,3.06365503080082,4
LUKE,3.06570841889117,4
LUKE,3.06776180698152,4
LUKE,3.06981519507187,4
LUKE,3.07186858316222,4
LUKE,3.07392197125257,4
LUKE,3.07802874743326,4
LUKE,3.08418891170431,4
LUKE,3.08624229979466,4
LUKE,3.08829568788501,4
LUKE,3.09034907597536,4
LUKE,3.09240246406571,4
LUKE,3.09856262833676,4
LUKE,3.1006160164271,4
LUKE,3.10266940451745,4
LUKE,3.1088295687885,4
LUKE,3.11088295687885,4
LUKE,3.1129363449692,4
LUKE,3.11498973305955,4
LUKE,3.1170431211499,4
LUKE,3.1211498973306,4
LUKE,3.12320328542094,4
LUKE,3.13141683778234,4
LUKE,3.13347022587269,4
LUKE,3.13757700205339,4
LUKE,3.13963039014374,4
LUKE,3.14373716632444,4
LUKE,3.16221765913758,4
LUKE,3.16632443531828,4
LUKE,3.17659137577002,4
LUKE,3.18275154004107,4
LUKE,3.18685831622177,4
LUKE,3.19096509240246,4
LUKE,3.19507186858316,4
LUKE,3.21149897330595,4
LUKE,3.21560574948665,4
LUKE,3.217659137577,4
LUKE,3.2217659137577,4
LUKE,3.22381930184805,4
LUKE,3.2299794661191,4
LUKE,3.23203285420945,4
LUKE,3.23819301848049,4
LUKE,3.24229979466119,4
LUKE,3.24435318275154,4
LUKE,3.24640657084189,4
LUKE,3.24845995893224,4
LUKE,3.25667351129363,4
LUKE,3.25872689938398,4
LUKE,3.26078028747433,4
LUKE,3.26283367556468,4
LUKE,3.26488706365503,4
LUKE,3.26694045174538,4
LUKE,3.26899383983573,4
LUKE,3.27515400410678,4
LUKE,3.27926078028747,4
LUKE,3.28542094455852,4
LUKE,3.28747433264887,4
LUKE,3.29774127310062,4
LUKE,3.29979466119097,4
LUKE,3.30390143737166,4
LUKE,3.31006160164271,4
LUKE,3.31416837782341,4
LUKE,3.31827515400411,4
LUKE,3.32032854209446,4
LUKE,3.3223819301848,4
LUKE,3.32854209445585,4
LUKE,3.34086242299795,4
LUKE,3.34496919917865,4
LUKE,3.35934291581109,4
LUKE,3.36960985626283,4
LUKE,3.37371663244353,4
LUKE,3.37782340862423,4
LUKE,3.38603696098563,4
LUKE,3.39014373716632,4
LUKE,3.39425051334702,4
LUKE,3.40246406570842,4
LUKE,3.41067761806982,4
LUKE,3.42094455852156,4
LUKE,3.42710472279261,4
LUKE,3.42915811088296,4
LUKE,3.44969199178645,4
LUKE,3.46201232032854,4
LUKE,3.49486652977413,4
LUKE,3.49691991786448,4
LUKE,3.49897330595483,4
LUKE,3.50102669404517,4
LUKE,3.50513347022587,4
LUKE,3.51334702258727,4
LUKE,3.51540041067762,4
LUKE,3.51745379876797,4
LUKE,3.51950718685832,4
LUKE,3.52156057494867,4
LUKE,3.52361396303901,4
LUKE,3.53388090349076,4
LUKE,3.55030800821355,4
LUKE,3.5523613963039,4
LUKE,3.55441478439425,4
LUKE,3.5564681724846,4
LUKE,3.5605749486653,4
LUKE,3.564681724846,4
LUKE,3.56673511293635,4
LUKE,3.56878850102669,4
LUKE,3.57084188911704,4
LUKE,3.57289527720739,4
LUKE,3.57494866529774,4
LUKE,3.57700205338809,4
LUKE,3.57905544147844,4
LUKE,3.58110882956879,4
LUKE,3.58316221765914,4
LUKE,3.58726899383984,4
LUKE,3.59137577002053,4
LUKE,3.59548254620123,4
LUKE,3.59753593429158,4
LUKE,3.63449691991786,4
LUKE,3.67556468172485,4
LUKE,3.68377823408624,4
LUKE,3.69404517453799,4
LUKE,3.69609856262834,4
LUKE,3.69815195071869,4
LUKE,3.72073921971253,4
LUKE,3.72279260780287,4
LUKE,3.7741273100616,4
LUKE,3.77618069815195,4
LUKE,3.78028747433265,4
LUKE,3.78850102669405,4
LUKE,3.79260780287474,4
LUKE,3.79876796714579,4
LUKE,3.80082135523614,4
LUKE,3.80492813141684,4
LUKE,3.80698151950719,4
LUKE,3.81108829568789,4
LUKE,3.81519507186858,4
LUKE,3.81724845995893,4
LUKE,3.81930184804928,4
LUKE,3.82751540041068,4
LUKE,3.83367556468172,4
LUKE,3.83572895277207,4
LUKE,3.84394250513347,4
LUKE,3.84599589322382,4
LUKE,3.84804928131417,4
LUKE,3.85010266940452,4
LUKE,3.86036960985626,4
LUKE,3.86242299794661,4
LUKE,3.87474332648871,4
LUKE,3.8788501026694,4
LUKE,3.88090349075975,4
LUKE,3.88501026694045,4
LUKE,3.8870636550308,4
LUKE,3.8911704312115,4
LUKE,3.89322381930185,4
LUKE,3.8952772073922,4
LUKE,3.8993839835729,4
LUKE,3.90143737166324,4
LUKE,3.90554414784394,4
LUKE,3.90759753593429,4
LUKE,3.90965092402464,4
LUKE,3.91170431211499,4
LUKE,3.91375770020534,4
LUKE,3.91786447638604,4
LUKE,3.91991786447639,4
LUKE,3.92402464065708,4
LUKE,3.92607802874743,4
LUKE,3.93223819301848,4
LUKE,3.93429158110883,4
LUKE,3.93839835728953,4
LUKE,3.94045174537988,4
LUKE,3.94250513347023,4
LUKE,3.94455852156058,4
LUKE,3.96509240246407,4
LUKE,3.96919917864476,4
LUKE,3.97125256673511,4
LUKE,3.97330595482546,4
LUKE,3.98973305954825,4
LUKE,3.9958932238193,4
LUKE,3.99794661190965,4
LUKE,4.01071428571429,5
LUKE,4.03214285714286,5
LUKE,4.03928571428571,5
LUKE,4.04285714285714,5
LUKE,4.05,5
LUKE,4.05357142857143,5
LUKE,4.05714285714286,5
LUKE,4.06071428571429,5
LUKE,4.08214285714286,5
LUKE,4.08571428571429,5
LUKE,4.08928571428571,5
LUKE,4.11428571428571,5
LUKE,4.11785714285714,5
LUKE,4.16428571428571,5
LUKE,4.18214285714286,5
LUKE,4.18928571428571,5
LUKE,4.19642857142857,5
LUKE,4.21071428571429,5
LUKE,4.21428571428571,5
LUKE,4.22142857142857,5
LUKE,4.23928571428571,5
LUKE,4.24285714285714,5
LUKE,4.24642857142857,5
LUKE,4.29642857142857,5
LUKE,4.30357142857143,5
LUKE,4.31428571428571,5
LUKE,4.31785714285714,5
LUKE,4.325,5
LUKE,4.33571428571429,5
LUKE,4.33928571428571,5
LUKE,4.34285714285714,5
LUKE,4.34642857142857,5
LUKE,4.36428571428571,5
LUKE,4.36785714285714,5
LUKE,4.42142857142857,5
LUKE,4.425,5
LUKE,4.42857142857143,5
LUKE,4.50357142857143,5
LUKE,4.51071428571429,5
LUKE,4.51428571428571,5
LUKE,4.52857142857143,5
LUKE,4.54642857142857,5
LUKE,4.55357142857143,5
LUKE,4.58928571428571,5
LUKE,4.59285714285714,5
LUKE,4.62857142857143,5
LUKE,4.65,5
LUKE,4.71071428571429,5
LUKE,4.71428571428571,5
LUKE,4.73571428571429,5
LUKE,4.73928571428571,5
LUKE,4.75357142857143,5
LUKE,4.76071428571429,5
LUKE,4.76428571428571,5
LUKE,4.77142857142857,5
LUKE,4.775,5
LUKE,4.78214285714286,5
LUKE,4.78571428571429,5
LUKE,4.80357142857143,5
LUKE,4.80714285714286,5
LUKE,4.81071428571429,5
LUKE,4.83571428571429,5
LUKE,4.83928571428571,5
LUKE,4.84285714285714,5
LUKE,4.84642857142857,5
LUKE,4.85,5
LUKE,4.86071428571429,5
LUKE,4.86785714285714,5
LUKE,4.87142857142857,5
LUKE,4.875,5
LUKE,4.89285714285714,5
LUKE,4.9,5
LUKE,4.92142857142857,5
LUKE,4.925,5
LUKE,4.93214285714286,5
LUKE,4.94285714285714,5
LUKE,4.94642857142857,5
LUKE,4.95,5
LUKE,4.97857142857143,5
LUKE,4.98214285714286,5
LUKE,4.98928571428571,5
LUKE,4.99285714285714,5
LUKE,5,6
LUKE,5.03676470588235,6
LUKE,5.04411764705882,6
LUKE,5.05147058823529,6
LUKE,5.05882352941176,6
LUKE,5.10294117647059,6
LUKE,5.11029411764706,6
LUKE,5.11764705882353,6
LUKE,5.125,6
LUKE,5.13235294117647,6
LUKE,5.13970588235294,6
LUKE,5.14705882352941,6
LUKE,5.15441176470588,6
LUKE,5.16176470588235,6
LUKE,5.17647058823529,6
LUKE,5.19117647058824,6
LUKE,5.19852941176471,6
LUKE,5.22058823529412,6
LUKE,5.23529411764706,6
LUKE,5.25,6
LUKE,5.25735294117647,6
LUKE,5.27205882352941,6
LUKE,5.27941176470588,6
LUKE,5.30147058823529,6
LUKE,5.30882352941176,6
LUKE,5.34558823529412,6
LUKE,5.35294117647059,6
LUKE,5.36764705882353,6
LUKE,5.375,6
LUKE,5.38235294117647,6
LUKE,5.41176470588235,6
LUKE,5.41911764705882,6
LUKE,5.42647058823529,6
LUKE,5.44117647058824,6
LUKE,5.44852941176471,6
LUKE,5.45588235294118,6
LUKE,5.46323529411765,6
LUKE,5.49264705882353,6
LUKE,5.5,6
LUKE,5.50735294117647,6
LUKE,5.52205882352941,6
LUKE,5.52941176470588,6
LUKE,5.53676470588235,6
LUKE,5.55147058823529,6
LUKE,5.63970588235294,6
LUKE,5.69852941176471,6
LUKE,5.74264705882353,6
LUKE,5.81617647058824,6
LUKE,5.83823529411765,6
LUKE,5.875,6
LUKE,5.89705882352941,6
LUKE,5.93382352941176,6
LUKE,5.96323529411765,6
LUKE,5.97794117647059,6
LUKE,5.98529411764706,6
LUKE,5.99264705882353,6
LUKE,6,7
LUKE,6.19029850746269,7
LUKE,6.22014925373134,7
LUKE,6.36567164179105,7
LUKE,6.46641791044776,7
LUKE,6.51492537313433,7
LUKE,6.51865671641791,7
LUKE,6.63805970149254,7
LUKE,6.64179104477612,7
LUKE,6.6455223880597,7
LUKE,6.65298507462687,7
LUKE,6.89925373134328,7
LUKE,6.92164179104478,7
LUKE,6.9589552238806,7
LUKE,6.96268656716418,7
LUKE,6.99626865671642,7
LEIA,2.94605809128631,3
LEIA,3,4
LEIA,3.01848049281314,4
LEIA,3.03285420944559,4
LEIA,3.06160164271047,4
LEIA,3.09240246406571,4
LEIA,3.10677618069815,4
LEIA,3.12936344969199,4
LEIA,3.17248459958932,4
LEIA,3.21560574948665,4
LEIA,3.23203285420945,4
LEIA,3.23819301848049,4
LEIA,3.24229979466119,4
LEIA,3.24435318275154,4
LEIA,3.24845995893224,4
LEIA,3.25256673511294,4
LEIA,3.26899383983573,4
LEIA,3.27515400410678,4
LEIA,3.27926078028747,4
LEIA,3.28542094455852,4
LEIA,3.28747433264887,4
LEIA,3.29774127310062,4
LEIA,3.29979466119097,4
LEIA,3.30390143737166,4
LEIA,3.31006160164271,4
LEIA,3.31416837782341,4
LEIA,3.31827515400411,4
LEIA,3.32443531827515,4
LEIA,3.3305954825462,4
LEIA,3.34907597535934,4
LEIA,3.35728952772074,4
LEIA,3.36550308008214,4
LEIA,3.38193018480493,4
LEIA,3.39425051334702,4
LEIA,3.40246406570842,4
LEIA,3.41273100616016,4
LEIA,3.42094455852156,4
LEIA,3.42915811088296,4
LEIA,3.48459958932238,4
LEIA,3.53182751540041,4
LEIA,3.5605749486653,4
LEIA,3.57700205338809,4
LEIA,3.59958932238193,4
LEIA,3.60574948665298,4
LEIA,3.62833675564682,4
LEIA,3.76591375770021,4
LEIA,3.79260780287474,4
LEIA,3.83367556468172,4
LEIA,3.87268993839836,4
LEIA,3.8829568788501,4
LEIA,3.90965092402464,4
LEIA,3.92813141683778,4
LEIA,3.96714579055441,4
LEIA,3.9958932238193,4
LEIA,3.99794661190965,4
LEIA,4.02142857142857,5
LEIA,4.025,5
LEIA,4.03214285714286,5
LEIA,4.05714285714286,5
LEIA,4.08571428571429,5
LEIA,4.08928571428571,5
LEIA,4.09642857142857,5
LEIA,4.12857142857143,5
LEIA,4.13928571428571,5
LEIA,4.3,5
LEIA,4.35,5
LEIA,4.37857142857143,5
LEIA,4.38571428571429,5
LEIA,4.38928571428571,5
LEIA,4.4,5
LEIA,4.40357142857143,5
LEIA,4.41428571428571,5
LEIA,4.43571428571429,5
LEIA,4.45,5
LEIA,4.46071428571429,5
LEIA,4.46428571428571,5
LEIA,4.47857142857143,5
LEIA,4.48571428571429,5
LEIA,4.49285714285714,5
LEIA,4.525,5
LEIA,4.53214285714286,5
LEIA,4.56071428571429,5
LEIA,4.56428571428571,5
LEIA,4.56785714285714,5
LEIA,4.57142857142857,5
LEIA,4.575,5
LEIA,4.61071428571429,5
LEIA,4.61785714285714,5
LEIA,4.64285714285714,5
LEIA,4.65,5
LEIA,4.66071428571429,5
LEIA,4.66428571428571,5
LEIA,4.66785714285714,5
LEIA,4.67857142857143,5
LEIA,4.69285714285714,5
LEIA,4.69642857142857,5
LEIA,4.70714285714286,5
LEIA,4.71071428571429,5
LEIA,4.71785714285714,5
LEIA,4.725,5
LEIA,4.72857142857143,5
LEIA,4.75,5
LEIA,4.75357142857143,5
LEIA,4.76785714285714,5
LEIA,4.77142857142857,5
LEIA,4.775,5
LEIA,4.78928571428571,5
LEIA,4.79642857142857,5
LEIA,4.8,5
LEIA,4.81428571428571,5
LEIA,4.81785714285714,5
LEIA,4.82142857142857,5
LEIA,4.82857142857143,5
LEIA,4.84642857142857,5
LEIA,4.85,5
LEIA,4.86785714285714,5
LEIA,4.875,5
LEIA,4.88571428571429,5
LEIA,4.89285714285714,5
LEIA,4.9,5
LEIA,4.90357142857143,5
LEIA,4.91785714285714,5
LEIA,4.93571428571429,5
LEIA,4.96071428571429,5
LEIA,4.98214285714286,5
LEIA,4.98928571428571,5
LEIA,4.99285714285714,5
LEIA,5.09558823529412,6
LEIA,5.11764705882353,6
LEIA,5.125,6
LEIA,5.13970588235294,6
LEIA,5.15441176470588,6
LEIA,5.16911764705882,6
LEIA,5.18382352941176,6
LEIA,5.24264705882353,6
LEIA,5.26470588235294,6
LEIA,5.27205882352941,6
LEIA,5.27941176470588,6
LEIA,5.30147058823529,6
LEIA,5.30882352941176,6
LEIA,5.35294117647059,6
LEIA,5.36764705882353,6
LEIA,5.375,6
LEIA,5.38235294117647,6
LEIA,5.41176470588235,6
LEIA,5.44117647058824,6
LEIA,5.44852941176471,6
LEIA,5.45588235294118,6
LEIA,5.46323529411765,6
LEIA,5.47058823529412,6
LEIA,5.49264705882353,6
LEIA,5.52205882352941,6
LEIA,5.52941176470588,6
LEIA,5.53676470588235,6
LEIA,5.55882352941176,6
LEIA,5.58823529411765,6
LEIA,5.60294117647059,6
LEIA,5.61764705882353,6
LEIA,5.63235294117647,6
LEIA,5.64705882352941,6
LEIA,5.70588235294118,6
LEIA,5.79411764705882,6
LEIA,5.83088235294118,6
LEIA,5.97794117647059,6
LEIA,6,7
LEIA,6.50746268656716,7
LEIA,6.61567164179105,7
LEIA,6.63059701492537,7
LEIA,6.63805970149254,7
LEIA,6.6455223880597,7
LEIA,6.68283582089552,7
LEIA,6.69029850746269,7
LEIA,6.76119402985075,7
LEIA,6.82089552238806,7
LEIA,6.83582089552239,7
LEIA,6.87313432835821,7
LEIA,6.88432835820895,7
LEIA,6.95522388059702,7
LEIA,6.96268656716418,7
LEIA,6.97014925373134,7
LEIA,6.97761194029851,7
TARKIN,2.98340248962656,3
TARKIN,3.09650924024641,4
TARKIN,3.12936344969199,4
TARKIN,3.17248459958932,4
TARKIN,3.17864476386037,4
TARKIN,3.20739219712526,4
TARKIN,3.23408624229979,4
TARKIN,3.23613963039014,4
TARKIN,3.40041067761807,4
TARKIN,3.41683778234086,4
TARKIN,3.42505133470226,4
TARKIN,3.68583162217659,4
TARKIN,3.79055441478439,4
TARKIN,3.87679671457906,4
TARKIN,3.93018480492813,4
TARKIN,3.98151950718686,4
YOUNG GIRL,3.01437371663244,4
YOUNG GIRL,3.01848049281314,4
YOUNG GIRL,3.27515400410678,4
BIGGS,3.02874743326489,4
BIGGS,3.03080082135524,4
BIGGS,3.04106776180698,4
BIGGS,3.06160164271047,4
BIGGS,3.06365503080082,4
BIGGS,3.42915811088296,4
BIGGS,3.4435318275154,4
BIGGS,3.49897330595483,4
BIGGS,3.50308008213552,4
BIGGS,3.52772073921971,4
BIGGS,3.54004106776181,4
BIGGS,3.54209445585216,4
BIGGS,3.5441478439425,4
BIGGS,3.54620123203285,4
BIGGS,3.5482546201232,4
BIGGS,3.55030800821355,4
BIGGS,3.5523613963039,4
BIGGS,3.5605749486653,4
BIGGS,3.59958932238193,4
BIGGS,3.68993839835729,4
BIGGS,3.69609856262834,4
BIGGS,3.79260780287474,4
BIGGS,3.79876796714579,4
BIGGS,3.80492813141684,4
BIGGS,3.84599589322382,4
BIGGS,3.84804928131417,4
BIGGS,3.85831622176591,4
BIGGS,3.86036960985626,4
BIGGS,3.86242299794661,4
BIGGS,3.86447638603696,4
BIGGS,3.86858316221766,4
BIGGS,3.87063655030801,4
BIGGS,3.87474332648871,4
CAMIE,3.02874743326489,4
CAMIE,3.03080082135524,4
MOTTI,3.09650924024641,4
MOTTI,3.17248459958932,4
HAN,3.1211498973306,4
HAN,3.12525667351129,4
HAN,3.13552361396304,4
HAN,3.13963039014374,4
HAN,3.14784394250513,4
HAN,3.14989733059548,4
HAN,3.15400410677618,4
HAN,3.15811088295688,4
HAN,3.16221765913758,4
HAN,3.16632443531828,4
HAN,3.17659137577002,4
HAN,3.18275154004107,4
HAN,3.18685831622177,4
HAN,3.19096509240246,4
HAN,3.19507186858316,4
HAN,3.21149897330595,4
HAN,3.2135523613963,4
HAN,3.21560574948665,4
HAN,3.217659137577,4
HAN,3.2217659137577,4
HAN,3.22381930184805,4
HAN,3.2258726899384,4
HAN,3.22792607802875,4
HAN,3.2299794661191,4
HAN,3.23819301848049,4
HAN,3.24229979466119,4
HAN,3.24435318275154,4
HAN,3.24845995893224,4
HAN,3.25256673511294,4
HAN,3.26899383983573,4
HAN,3.27104722792608,4
HAN,3.27515400410678,4
HAN,3.27926078028747,4
HAN,3.28131416837782,4
HAN,3.28336755646817,4
HAN,3.29363449691992,4
HAN,3.29774127310062,4
HAN,3.29979466119097,4
HAN,3.30390143737166,4
HAN,3.30595482546201,4
HAN,3.31211498973306,4
HAN,3.31416837782341,4
HAN,3.3223819301848,4
HAN,3.3264887063655,4
HAN,3.34086242299795,4
HAN,3.35728952772074,4
HAN,3.37371663244353,4
HAN,3.37782340862423,4
HAN,3.38603696098563,4
HAN,3.40246406570842,4
HAN,3.41067761806982,4
HAN,3.41273100616016,4
HAN,3.42094455852156,4
HAN,3.42710472279261,4
HAN,3.42915811088296,4
HAN,3.95071868583162,4
HAN,3.96509240246407,4
HAN,3.96714579055441,4
HAN,3.98767967145791,4
HAN,3.9958932238193,4
HAN,3.99794661190965,4
HAN,4.01071428571429,5
HAN,4.01785714285714,5
HAN,4.02142857142857,5
HAN,4.025,5
HAN,4.03214285714286,5
HAN,4.03571428571429,5
HAN,4.06071428571429,5
HAN,4.075,5
HAN,4.07857142857143,5
HAN,4.08571428571429,5
HAN,4.08928571428571,5
HAN,4.09285714285714,5
HAN,4.09642857142857,5
HAN,4.11071428571429,5
HAN,4.11785714285714,5
HAN,4.30357142857143,5
HAN,4.35,5
HAN,4.37857142857143,5
HAN,4.38571428571429,5
HAN,4.38928571428571,5
HAN,4.4,5
HAN,4.40357142857143,5
HAN,4.41428571428571,5
HAN,4.43571428571429,5
HAN,4.45,5
HAN,4.46071428571429,5
HAN,4.46428571428571,5
HAN,4.47857142857143,5
HAN,4.48571428571429,5
HAN,4.49285714285714,5
HAN,4.525,5
HAN,4.53214285714286,5
HAN,4.56071428571429,5
HAN,4.56428571428571,5
HAN,4.56785714285714,5
HAN,4.57142857142857,5
HAN,4.575,5
HAN,4.61785714285714,5
HAN,4.64285714285714,5
HAN,4.65,5
HAN,4.66071428571429,5
HAN,4.66428571428571,5
HAN,4.66785714285714,5
HAN,4.67857142857143,5
HAN,4.68571428571429,5
HAN,4.68928571428571,5
HAN,4.69642857142857,5
HAN,4.7,5
HAN,4.70714285714286,5
HAN,4.71071428571429,5
HAN,4.71785714285714,5
HAN,4.725,5
HAN,4.72857142857143,5
HAN,4.73214285714286,5
HAN,4.74642857142857,5
HAN,4.75,5
HAN,4.75357142857143,5
HAN,4.76785714285714,5
HAN,4.77142857142857,5
HAN,4.78928571428571,5
HAN,4.79285714285714,5
HAN,4.79642857142857,5
HAN,4.82857142857143,5
HAN,4.98571428571429,5
HAN,4.98928571428571,5
HAN,5,6
HAN,5.05147058823529,6
HAN,5.07352941176471,6
HAN,5.09558823529412,6
HAN,5.10294117647059,6
HAN,5.13970588235294,6
HAN,5.14705882352941,6
HAN,5.17647058823529,6
HAN,5.23529411764706,6
HAN,5.25,6
HAN,5.27941176470588,6
HAN,5.30147058823529,6
HAN,5.30882352941176,6
HAN,5.36764705882353,6
HAN,5.375,6
HAN,5.38235294117647,6
HAN,5.41176470588235,6
HAN,5.41911764705882,6
HAN,5.42647058823529,6
HAN,5.44117647058824,6
HAN,5.44852941176471,6
HAN,5.46323529411765,6
HAN,5.49264705882353,6
HAN,5.5,6
HAN,5.50735294117647,6
HAN,5.52205882352941,6
HAN,5.52941176470588,6
HAN,5.53676470588235,6
HAN,5.55882352941176,6
HAN,5.58823529411765,6
HAN,5.60294117647059,6
HAN,5.61764705882353,6
HAN,5.63235294117647,6
HAN,5.64705882352941,6
HAN,5.70588235294118,6
HAN,5.78676470588235,6
HAN,5.79411764705882,6
HAN,5.83088235294118,6
HAN,5.84558823529412,6
HAN,5.85294117647059,6
HAN,5.86029411764706,6
HAN,5.86764705882353,6
HAN,5.88235294117647,6
HAN,5.97794117647059,6
HAN,5.99264705882353,6
HAN,6.35820895522388,7
HAN,6.36194029850746,7
HAN,6.36567164179105,7
HAN,6.36940298507463,7
HAN,6.37313432835821,7
HAN,6.37686567164179,7
HAN,6.38432835820895,7
HAN,6.38805970149254,7
HAN,6.40671641791045,7
HAN,6.41044776119403,7
HAN,6.41417910447761,7
HAN,6.41791044776119,7
HAN,6.42537313432836,7
HAN,6.43283582089552,7
HAN,6.44029850746269,7
HAN,6.44776119402985,7
HAN,6.45522388059702,7
HAN,6.46268656716418,7
HAN,6.46641791044776,7
HAN,6.47388059701493,7
HAN,6.48507462686567,7
HAN,6.48880597014925,7
HAN,6.49253731343284,7
HAN,6.49626865671642,7
HAN,6.50746268656716,7
HAN,6.51865671641791,7
HAN,6.55970149253731,7
HAN,6.56716417910448,7
HAN,6.58582089552239,7
HAN,6.58955223880597,7
HAN,6.6044776119403,7
HAN,6.61194029850746,7
HAN,6.61567164179105,7
HAN,6.63059701492537,7
HAN,6.63805970149254,7
HAN,6.6455223880597,7
HAN,6.64925373134328,7
HAN,6.68283582089552,7
HAN,6.69029850746269,7
HAN,6.70522388059702,7
HAN,6.71268656716418,7
HAN,6.72014925373134,7
HAN,6.72761194029851,7
HAN,6.73134328358209,7
HAN,6.73880597014925,7
HAN,6.74253731343284,7
HAN,6.75746268656716,7
HAN,6.76119402985075,7
HAN,6.81716417910448,7
HAN,6.82462686567164,7
HAN,6.83208955223881,7
HAN,6.83955223880597,7
HAN,6.84701492537313,7
HAN,6.85074626865672,7
HAN,6.8544776119403,7
HAN,6.87313432835821,7
HAN,6.87686567164179,7
HAN,6.88059701492537,7
HAN,6.89925373134328,7
WEDGE,3.42094455852156,4
WEDGE,3.4476386036961,4
WEDGE,3.46817248459959,4
WEDGE,3.48459958932238,4
WEDGE,3.49075975359343,4
WEDGE,3.5605749486653,4
WEDGE,3.56262833675565,4
WEDGE,3.58316221765914,4
WEDGE,3.58521560574949,4
WEDGE,3.58726899383984,4
WEDGE,3.58932238193018,4
WEDGE,3.59137577002053,4
WEDGE,3.59342915811088,4
WEDGE,3.59753593429158,4
WEDGE,3.59958932238193,4
WEDGE,3.68993839835729,4
WEDGE,3.69609856262834,4
WEDGE,3.79260780287474,4
WEDGE,3.79466119096509,4
WEDGE,3.80698151950719,4
WEDGE,3.81314168377823,4
WEDGE,3.82546201232033,4
WEDGE,3.83162217659138,4
WEDGE,3.83367556468172,4
WEDGE,3.83778234086242,4
WEDGE,3.83983572895277,4
WEDGE,4.24285714285714,5
WEDGE,4.25,5
WEDGE,4.25357142857143,5
WEDGE,4.26071428571429,5
WEDGE,4.26785714285714,5
WEDGE,4.275,5
WEDGE,4.29285714285714,5
WEDGE,4.29642857142857,5
WEDGE,4.42142857142857,5
WEDGE,5.36764705882353,6
WEDGE,5.66176470588235,6
WEDGE,5.69117647058824,6
WEDGE,5.72058823529412,6
WEDGE,5.84558823529412,6
WEDGE,5.90441176470588,6
WEDGE,5.94852941176471,6
GOLD LEADER,3.42094455852156,4
GOLD LEADER,3.47433264887064,4
GOLD LEADER,3.59958932238193,4
GOLD LEADER,3.60164271047228,4
GOLD LEADER,3.60574948665298,4
GOLD LEADER,3.61190965092402,4
GOLD LEADER,3.61396303901437,4
GOLD LEADER,3.61601642710472,4
GOLD LEADER,3.62012320328542,4
GOLD LEADER,3.62628336755647,4
GOLD LEADER,3.63244353182752,4
GOLD LEADER,3.63860369609856,4
GOLD LEADER,3.65297741273101,4
GOLD LEADER,3.6570841889117,4
GOLD LEADER,3.65913757700205,4
GOLD LEADER,3.6611909650924,4
GOLD LEADER,3.6652977412731,4
GOLD LEADER,3.6694045174538,4
GOLD LEADER,3.67145790554415,4
GOLD LEADER,5.69117647058824,6
GOLD LEADER,5.77941176470588,6
GOLD LEADER,5.84558823529412,6
GOLD LEADER,5.90441176470588,6
GOLD LEADER,5.94852941176471,6
DODONNA,3.42094455852156,4
DODONNA,3.42915811088296,4
DODONNA,3.53182751540041,4
DODONNA,3.5605749486653,4
DODONNA,3.59958932238193,4
DODONNA,3.68993839835729,4
DODONNA,3.69199178644764,4
DODONNA,3.79260780287474,4
DODONNA,3.99794661190965,4
RED TEN,3.44147843942505,4
RED TEN,3.57700205338809,4
RED TEN,3.71047227926078,4
RED TEN,3.71663244353183,4
RED TEN,3.71868583162218,4
RED TEN,3.72279260780287,4
RED TEN,3.74127310061602,4
RED TEN,3.74537987679671,4
RED TEN,3.74948665297741,4
RED TEN,3.75564681724846,4
RED TEN,3.75770020533881,4
GOLD FIVE,3.61806981519507,4
GOLD FIVE,3.62628336755647,4
GOLD FIVE,3.62833675564682,4
GOLD FIVE,3.63655030800821,4
GOLD FIVE,3.65913757700205,4
GOLD FIVE,3.66324435318275,4
GOLD FIVE,3.6735112936345,4
GOLD FIVE,3.67556468172485,4
GOLD FIVE,3.6776180698152,4
GOLD FIVE,3.67967145790554,4
GOLD FIVE,3.68172484599589,4
RIEEKAN,4.02142857142857,5
RIEEKAN,4.08571428571429,5
RIEEKAN,4.08928571428571,5
RIEEKAN,4.09642857142857,5
RIEEKAN,4.12142857142857,5
RIEEKAN,4.13928571428571,5
RIEEKAN,4.3,5
DERLIN,4.05714285714286,5
DERLIN,4.12857142857143,5
ZEV,4.06785714285714,5
ZEV,4.075,5
ZEV,4.07857142857143,5
ZEV,4.32142857142857,5
ZEV,4.33214285714286,5
ZEV,4.33928571428571,5
ZEV,4.34285714285714,5
PIETT,4.10357142857143,5
PIETT,4.125,5
PIETT,4.51785714285714,5
PIETT,4.53928571428571,5
PIETT,4.60357142857143,5
PIETT,4.63571428571429,5
PIETT,4.91071428571429,5
PIETT,4.95357142857143,5
PIETT,4.97142857142857,5
PIETT,5.41911764705882,6
PIETT,5.73529411764706,6
PIETT,5.91911764705882,6
OZZEL,4.10357142857143,5
OZZEL,4.125,5
DACK,4.16428571428571,5
DACK,4.18928571428571,5
DACK,4.21428571428571,5
DACK,4.22142857142857,5
JANSON,4.26071428571429,5
JANSON,4.26785714285714,5
JANSON,4.275,5
JANSON,4.28214285714286,5
NEEDA,4.53928571428571,5
NEEDA,4.625,5
NEEDA,4.63214285714286,5
NEEDA,4.63571428571429,5
LANDO,4.64285714285714,5
LANDO,4.66071428571429,5
LANDO,4.66785714285714,5
LANDO,4.68214285714286,5
LANDO,4.68571428571429,5
LANDO,4.68928571428571,5
LANDO,4.69642857142857,5
LANDO,4.7,5
LANDO,4.70714285714286,5
LANDO,4.71785714285714,5
LANDO,4.725,5
LANDO,4.72857142857143,5
LANDO,4.73214285714286,5
LANDO,4.74642857142857,5
LANDO,4.75,5
LANDO,4.75357142857143,5
LANDO,4.75714285714286,5
LANDO,4.76785714285714,5
LANDO,4.77142857142857,5
LANDO,4.78928571428571,5
LANDO,4.79642857142857,5
LANDO,4.8,5
LANDO,4.81428571428571,5
LANDO,4.81785714285714,5
LANDO,4.82142857142857,5
LANDO,4.82857142857143,5
LANDO,4.85,5
LANDO,4.86785714285714,5
LANDO,4.87142857142857,5
LANDO,4.88214285714286,5
LANDO,4.88571428571429,5
LANDO,4.89285714285714,5
LANDO,4.90357142857143,5
LANDO,4.91785714285714,5
LANDO,4.93571428571429,5
LANDO,4.96071428571429,5
LANDO,4.97857142857143,5
LANDO,4.98571428571429,5
LANDO,5.02941176470588,6
LANDO,5.07352941176471,6
LANDO,5.09558823529412,6
LANDO,5.11764705882353,6
LANDO,5.13970588235294,6
LANDO,5.14705882352941,6
LANDO,5.17647058823529,6
LANDO,5.19852941176471,6
LANDO,5.22058823529412,6
LANDO,5.23529411764706,6
LANDO,5.25,6
LANDO,5.27941176470588,6
LANDO,5.30147058823529,6
LANDO,5.36764705882353,6
LANDO,5.375,6
LANDO,5.57352941176471,6
LANDO,5.66176470588235,6
LANDO,5.67647058823529,6
LANDO,5.69117647058824,6
LANDO,5.72058823529412,6
LANDO,5.77941176470588,6
LANDO,5.78676470588235,6
LANDO,5.80882352941176,6
LANDO,5.84558823529412,6
LANDO,5.88970588235294,6
LANDO,5.90441176470588,6
LANDO,5.94852941176471,6
LANDO,5.96323529411765,6
LANDO,5.97058823529412,6
LANDO,5.99264705882353,6
JERJERROD,5.02205882352941,6
JERJERROD,5.33088235294118,6
JERJERROD,5.75,6
BIB FORTUNA,5.04411764705882,6
BIB FORTUNA,5.05147058823529,6
BIB FORTUNA,5.07352941176471,6
BIB FORTUNA,5.09558823529412,6
BIB FORTUNA,5.11029411764706,6
BIB FORTUNA,5.11764705882353,6
BOUSHH,5.07352941176471,6
BOUSHH,5.09558823529412,6
ADMIRAL ACKBAR,5.36764705882353,6
ADMIRAL ACKBAR,5.57352941176471,6
ADMIRAL ACKBAR,5.58088235294118,6
ADMIRAL ACKBAR,5.66911764705882,6
ADMIRAL ACKBAR,5.69117647058824,6
ADMIRAL ACKBAR,5.78676470588235,6
ADMIRAL ACKBAR,5.80882352941176,6
ADMIRAL ACKBAR,5.88970588235294,6
ADMIRAL ACKBAR,5.91176470588235,6
ADMIRAL ACKBAR,5.95588235294118,6
ADMIRAL ACKBAR,6.63059701492537,7
ADMIRAL ACKBAR,6.68283582089552,7
ADMIRAL ACKBAR,6.82089552238806,7
ADMIRAL ACKBAR,6.89179104477612,7
BB-8,6.00746268656716,7
BB-8,6.01119402985075,7
BB-8,6.01492537313433,7
BB-8,6.01865671641791,7
BB-8,6.02611940298507,7
BB-8,6.03358208955224,7
BB-8,6.04477611940299,7
BB-8,6.09701492537313,7
BB-8,6.11194029850746,7
BB-8,6.11567164179105,7
BB-8,6.1865671641791,7
BB-8,6.22014925373134,7
BB-8,6.22388059701493,7
BB-8,6.22761194029851,7
BB-8,6.23134328358209,7
BB-8,6.23507462686567,7
BB-8,6.23880597014925,7
BB-8,6.24253731343284,7
BB-8,6.25746268656716,7
BB-8,6.26492537313433,7
BB-8,6.28731343283582,7
BB-8,6.33208955223881,7
BB-8,6.34328358208955,7
BB-8,6.35820895522388,7
BB-8,6.36567164179105,7
BB-8,6.37313432835821,7
BB-8,6.37686567164179,7
BB-8,6.38432835820895,7
BB-8,6.38805970149254,7
BB-8,6.40671641791045,7
BB-8,6.41044776119403,7
BB-8,6.45149253731343,7
BB-8,6.46268656716418,7
BB-8,6.46641791044776,7
BB-8,6.47388059701493,7
BB-8,6.48134328358209,7
BB-8,6.49253731343284,7
BB-8,6.49626865671642,7
BB-8,6.50746268656716,7
BB-8,6.51119402985075,7
BB-8,6.51492537313433,7
BB-8,6.51865671641791,7
BB-8,6.5634328358209,7
BB-8,6.57089552238806,7
BB-8,6.57462686567164,7
BB-8,6.58208955223881,7
BB-8,6.58582089552239,7
BB-8,6.60820895522388,7
BB-8,6.61567164179105,7
BB-8,6.62686567164179,7
BB-8,6.63805970149254,7
BB-8,6.64179104477612,7
BB-8,6.6865671641791,7
BB-8,6.8134328358209,7
BB-8,6.95522388059702,7
BB-8,6.9589552238806,7
BB-8,6.96268656716418,7
BB-8,6.97761194029851,7
POE,6.01119402985075,7
POE,6.01492537313433,7
POE,6.01865671641791,7
POE,6.02611940298507,7
POE,6.03358208955224,7
POE,6.03731343283582,7
POE,6.0410447761194,7
POE,6.05223880597015,7
POE,6.1044776119403,7
POE,6.11940298507463,7
POE,6.12313432835821,7
POE,6.12686567164179,7
POE,6.13059701492537,7
POE,6.13432835820895,7
POE,6.15671641791045,7
POE,6.16417910447761,7
POE,6.17164179104478,7
POE,6.17910447761194,7
POE,6.1865671641791,7
POE,6.19029850746269,7
POE,6.20149253731343,7
POE,6.20522388059702,7
POE,6.22014925373134,7
POE,6.58955223880597,7
POE,6.59328358208955,7
POE,6.62686567164179,7
POE,6.63059701492537,7
POE,6.68283582089552,7
POE,6.6865671641791,7
POE,6.76119402985075,7
POE,6.76492537313433,7
POE,6.7910447761194,7
POE,6.80597014925373,7
POE,6.80970149253731,7
POE,6.8134328358209,7
POE,6.82835820895522,7
POE,6.90298507462687,7
POE,6.90671641791045,7
POE,6.91417910447761,7
POE,6.91791044776119,7
POE,6.94402985074627,7
POE,6.94776119402985,7
POE,6.95522388059702,7
POE,6.96268656716418,7
POE,6.97761194029851,7
LOR SAN TEKKA,6.01119402985075,7
LOR SAN TEKKA,6.01492537313433,7
LOR SAN TEKKA,6.02985074626866,7
LOR SAN TEKKA,6.03731343283582,7
LOR SAN TEKKA,6.96268656716418,7
KYLO REN,6.03731343283582,7
KYLO REN,6.04850746268657,7
KYLO REN,6.1044776119403,7
KYLO REN,6.10820895522388,7
KYLO REN,6.18283582089552,7
KYLO REN,6.21641791044776,7
KYLO REN,6.33955223880597,7
KYLO REN,6.44029850746269,7
KYLO REN,6.50373134328358,7
KYLO REN,6.51492537313433,7
KYLO REN,6.54477611940299,7
KYLO REN,6.57835820895522,7
KYLO REN,6.59701492537313,7
KYLO REN,6.60074626865672,7
KYLO REN,6.6044776119403,7
KYLO REN,6.64925373134328,7
KYLO REN,6.65298507462687,7
KYLO REN,6.65671641791045,7
KYLO REN,6.66044776119403,7
KYLO REN,6.66791044776119,7
KYLO REN,6.69402985074627,7
KYLO REN,6.72761194029851,7
KYLO REN,6.85820895522388,7
KYLO REN,6.86194029850746,7
KYLO REN,6.87313432835821,7
KYLO REN,6.87686567164179,7
KYLO REN,6.88059701492537,7
KYLO REN,6.88805970149254,7
KYLO REN,6.89925373134328,7
KYLO REN,6.92164179104478,7
KYLO REN,6.92910447761194,7
CAPTAIN PHASMA,6.03731343283582,7
CAPTAIN PHASMA,6.05597014925373,7
CAPTAIN PHASMA,6.19776119402985,7
CAPTAIN PHASMA,6.74253731343284,7
CAPTAIN PHASMA,6.75746268656716,7
FINN,6.05597014925373,7
FINN,6.12686567164179,7
FINN,6.13059701492537,7
FINN,6.13432835820895,7
FINN,6.1455223880597,7
FINN,6.14925373134328,7
FINN,6.16417910447761,7
FINN,6.17164179104478,7
FINN,6.17910447761194,7
FINN,6.19029850746269,7
FINN,6.19776119402985,7
FINN,6.20149253731343,7
FINN,6.20522388059702,7
FINN,6.2089552238806,7
FINN,6.21268656716418,7
FINN,6.22014925373134,7
FINN,6.22388059701493,7
FINN,6.22761194029851,7
FINN,6.23134328358209,7
FINN,6.23507462686567,7
FINN,6.23880597014925,7
FINN,6.24626865671642,7
FINN,6.25746268656716,7
FINN,6.26492537313433,7
FINN,6.26865671641791,7
FINN,6.27611940298507,7
FINN,6.28731343283582,7
FINN,6.2910447761194,7
FINN,6.29850746268657,7
FINN,6.30223880597015,7
FINN,6.30970149253731,7
FINN,6.32089552238806,7
FINN,6.33208955223881,7
FINN,6.33955223880597,7
FINN,6.34328358208955,7
FINN,6.34701492537313,7
FINN,6.3544776119403,7
FINN,6.35820895522388,7
FINN,6.36567164179105,7
FINN,6.36940298507463,7
FINN,6.37313432835821,7
FINN,6.38432835820895,7
FINN,6.39179104477612,7
FINN,6.3955223880597,7
FINN,6.39925373134328,7
FINN,6.40298507462687,7
FINN,6.41044776119403,7
FINN,6.41791044776119,7
FINN,6.44776119402985,7
FINN,6.45149253731343,7
FINN,6.4589552238806,7
FINN,6.46641791044776,7
FINN,6.47388059701493,7
FINN,6.48507462686567,7
FINN,6.49253731343284,7
FINN,6.49626865671642,7
FINN,6.50746268656716,7
FINN,6.54850746268657,7
FINN,6.55970149253731,7
FINN,6.56716417910448,7
FINN,6.58582089552239,7
FINN,6.58955223880597,7
FINN,6.6044776119403,7
FINN,6.61194029850746,7
FINN,6.62686567164179,7
FINN,6.63059701492537,7
FINN,6.68283582089552,7
FINN,6.6865671641791,7
FINN,6.69029850746269,7
FINN,6.70522388059702,7
FINN,6.73134328358209,7
FINN,6.73880597014925,7
FINN,6.74253731343284,7
FINN,6.75746268656716,7
FINN,6.81716417910448,7
FINN,6.82462686567164,7
FINN,6.83208955223881,7
FINN,6.84328358208955,7
FINN,6.86940298507463,7
FINN,6.87313432835821,7
FINN,6.87686567164179,7
FINN,6.88059701492537,7
FINN,6.88805970149254,7
FINN,6.8955223880597,7
FINN,6.89925373134328,7
FINN,6.93283582089552,7
FINN,6.9365671641791,7
FINN,6.94029850746269,7
FINN,6.95522388059702,7
FINN,6.96641791044776,7
REY,6.07089552238806,7
REY,6.07462686567164,7
REY,6.07835820895522,7
REY,6.08208955223881,7
REY,6.08582089552239,7
REY,6.08955223880597,7
REY,6.09328358208955,7
REY,6.09701492537313,7
REY,6.11194029850746,7
REY,6.11567164179105,7
REY,6.22014925373134,7
REY,6.22388059701493,7
REY,6.22761194029851,7
REY,6.23134328358209,7
REY,6.23507462686567,7
REY,6.23880597014925,7
REY,6.24253731343284,7
REY,6.25,7
REY,6.25746268656716,7
REY,6.26492537313433,7
REY,6.27985074626866,7
REY,6.28731343283582,7
REY,6.2910447761194,7
REY,6.30223880597015,7
REY,6.30597014925373,7
REY,6.31716417910448,7
REY,6.32089552238806,7
REY,6.32835820895522,7
REY,6.33208955223881,7
REY,6.34328358208955,7
REY,6.34701492537313,7
REY,6.3544776119403,7
REY,6.35820895522388,7
REY,6.36567164179105,7
REY,6.36940298507463,7
REY,6.37313432835821,7
REY,6.38432835820895,7
REY,6.39179104477612,7
REY,6.3955223880597,7
REY,6.39925373134328,7
REY,6.40298507462687,7
REY,6.41044776119403,7
REY,6.41417910447761,7
REY,6.41791044776119,7
REY,6.42537313432836,7
REY,6.44776119402985,7
REY,6.46268656716418,7
REY,6.46641791044776,7
REY,6.47388059701493,7
REY,6.48134328358209,7
REY,6.48880597014925,7
REY,6.49253731343284,7
REY,6.49626865671642,7
REY,6.50746268656716,7
REY,6.51119402985075,7
REY,6.51492537313433,7
REY,6.51865671641791,7
REY,6.52238805970149,7
REY,6.52611940298507,7
REY,6.55970149253731,7
REY,6.5634328358209,7
REY,6.57089552238806,7
REY,6.57462686567164,7
REY,6.57835820895522,7
REY,6.58208955223881,7
REY,6.58582089552239,7
REY,6.59701492537313,7
REY,6.60074626865672,7
REY,6.6044776119403,7
REY,6.64925373134328,7
REY,6.65671641791045,7
REY,6.66417910447761,7
REY,6.69776119402985,7
REY,6.73134328358209,7
REY,6.74626865671642,7
REY,6.75,7
REY,6.75373134328358,7
REY,6.75746268656716,7
REY,6.81716417910448,7
REY,6.82462686567164,7
REY,6.83208955223881,7
REY,6.84328358208955,7
REY,6.86940298507463,7
REY,6.87313432835821,7
REY,6.87686567164179,7
REY,6.88059701492537,7
REY,6.88805970149254,7
REY,6.8955223880597,7
REY,6.89925373134328,7
REY,6.92164179104478,7
REY,6.93283582089552,7
REY,6.9365671641791,7
REY,6.94029850746269,7
REY,6.94402985074627,7
REY,6.95522388059702,7
REY,6.96268656716418,7
REY,6.96641791044776,7
REY,6.97014925373134,7
REY,6.97388059701493,7
REY,6.98880597014925,7
REY,6.99253731343284,7
REY,6.99626865671642,7
UNKAR PLUTT,6.08582089552239,7
UNKAR PLUTT,6.11567164179105,7
UNKAR PLUTT,6.22014925373134,7
UNKAR PLUTT,6.25373134328358,7
UNKAR PLUTT,6.35820895522388,7
UNKAR PLUTT,6.36567164179105,7
UNKAR PLUTT,6.41417910447761,7
UNKAR PLUTT,6.51492537313433,7
GENERAL HUX,6.10820895522388,7
GENERAL HUX,6.13805970149254,7
GENERAL HUX,6.18283582089552,7
GENERAL HUX,6.19776119402985,7
GENERAL HUX,6.21641791044776,7
GENERAL HUX,6.44029850746269,7
GENERAL HUX,6.52985074626866,7
GENERAL HUX,6.53731343283582,7
GENERAL HUX,6.65298507462687,7
GENERAL HUX,6.67537313432836,7
GENERAL HUX,6.73507462686567,7
GENERAL HUX,6.80223880597015,7
GENERAL HUX,6.91044776119403,7
GENERAL HUX,6.92537313432836,7
GENERAL HUX,6.92910447761194,7
LIEUTENANT MITAKA,6.18283582089552,7
LIEUTENANT MITAKA,6.33955223880597,7
SNOKE,6.21641791044776,7
SNOKE,6.4365671641791,7
SNOKE,6.44029850746269,7
SNOKE,6.6455223880597,7
SNOKE,6.64925373134328,7
SNOKE,6.65298507462687,7
SNOKE,6.87313432835821,7
SNOKE,6.87686567164179,7
SNOKE,6.92910447761194,7
BALA-TIK,6.37686567164179,7
BALA-TIK,6.38432835820895,7
BALA-TIK,6.43283582089552,7
MAZ,6.49253731343284,7
MAZ,6.49626865671642,7
MAZ,6.50746268656716,7
MAZ,6.51865671641791,7
MAZ,6.56716417910448,7
MAZ,6.57462686567164,7
MAZ,6.58582089552239,7
MAZ,6.61567164179105,7
JESS,6.58955223880597,7
JESS,6.80970149253731,7
JESS,6.82835820895522,7
JESS,6.90298507462687,7
JESS,6.90671641791045,7
ADMIRAL STATURA,6.68283582089552,7
ADMIRAL STATURA,6.76119402985075,7
YOLO ZIFF,6.77238805970149,7
YOLO ZIFF,6.90298507462687,7
COLONEL DATOO,6.80223880597015,7
COLONEL DATOO,6.92537313432836,7
ELLO ASTY,6.80970149253731,7
ELLO ASTY,6.90298507462687,7
ELLO ASTY,6.90671641791045,7
NIV LEK,6.90298507462687,7
NIV LEK,6.90671641791045,7
